shom_9_1024_0.6, 000005, 80, 259, PRDE, 83, 60, 1.383333, 
shom_9_1024_0.6, 000005, 153, 172, PRDE, 148, 60, 2.466667, 
shom_9_1024_0.6, 000005, 147, 169, PRDE, 196, 60, 3.266667, 
shom_9_1024_0.6, 000006, 147, 165, PRDE, 248, 60, 4.133333, 
shom_9_1024_0.6, 000006, 141, 165, PRDE, 321, 60, 5.350000, 
shom_9_1024_0.6, 000007, 150, 165, PRDE, 370, 60, 6.166667, 
shom_9_1024_0.6, 000007, 150, 172, PRDE, 435, 60, 7.250000, 
shom_9_1024_0.6, 000007, 139, 178, PRDE, 452, 60, 7.533333, 
shom_9_1024_0.6, 000010, 144, 271, PRDE, 462, 60, 7.700000, 
shom_9_1024_0.6, 000010, 144, 208, PRDE, 514, 60, 8.566667, 
shom_9_1024_0.6, 000011, 144, 188, PRDE, 597, 60, 9.950000, 
shom_9_1024_0.6, 000012, 154, 188, PRDE, 663, 60, 11.050000, 
shom_9_1024_0.6, 000012, 130, 188, PRDE, 704, 60, 11.733333, 
shom_9_1024_0.6, 000013, 143, 210, PRDE, 797, 60, 13.283333, 
shom_9_1024_0.6, 000013, 140, 210, PRDE, 838, 60, 13.966667, 
shom_9_1024_0.6, 000015, 174, 283, PRDE, 856, 60, 14.266667, 
shom_9_1024_0.6, 000015, 169, 283, PRDE, 921, 60, 15.350000, 
shom_9_1024_0.6, 000015, 163, 245, PRDE, 945, 60, 15.750000, 
shom_9_1024_0.6, 000016, 147, 201, PRDE, 989, 60, 16.483333, 
shom_9_1024_0.6, 000016, 141, 187, PRDE, 1051, 60, 17.516667, 
shom_9_1024_0.6, 000017, 136, 168, PRDE, 1099, 60, 18.316667, 
shom_9_1024_0.6, 000017, 129, 191, PRDE, 1120, 60, 18.666667, 
shom_9_1024_0.6, 000018, 136, 170, PRDE, 1186, 60, 19.766667, 
shom_9_1024_0.6, 000020, 162, 215, PRDE, 1204, 60, 20.066667, 
shom_9_1024_0.6, 000020, 162, 203, PRDE, 1266, 60, 21.100000, 
shom_9_1024_0.6, 000021, 159, 202, PRDE, 1311, 60, 21.850000, 
shom_9_1024_0.6, 000021, 177, 201, PRDE, 1359, 60, 22.650000, 
shom_9_1024_0.6, 000021, 177, 201, PRDE, 1439, 60, 23.983333, 
shom_9_1024_0.6, 000022, 160, 197, PRDE, 1497, 60, 24.950000, 
shom_9_1024_0.6, 000023, 163, 197, PRDE, 1525, 60, 25.416667, 
shom_9_1024_0.6, 000024, 151, 182, PRDE, 1597, 60, 26.616667, 
shom_9_1024_0.6, 000025, 14, 420, PRDE, 1615, 60, 26.916667, 
shom_9_1024_0.6, 000025, 144, 408, PRDE, 1666, 60, 27.766667, 
shom_9_1024_0.6, 000025, 118, 251, PRDE, 1714, 60, 28.566667, 
shom_9_1024_0.6, 000027, 160, 178, PRDE, 1762, 60, 29.366667, 
shom_9_1024_0.6, 000027, 164, 186, PRDE, 1855, 60, 30.916667, 
shom_9_1024_0.6, 000027, 164, 186, PRDE, 1934, 60, 32.233333, 
shom_9_1024_0.6, 000029, 161, 181, PRDE, 1979, 60, 32.983333, 
shom_9_1024_0.6, 000029, 160, 198, PRDE, 2024, 60, 33.733333, 
shom_9_1024_0.6, 000030, 158, 173, PRDE, 2068, 60, 34.466667, 
shom_9_1024_0.6, 000031, 158, 173, PRDE, 2144, 60, 35.733333, 
shom_9_1024_0.6, 000032, 164, 178, PRDE, 2193, 60, 36.550000, 
shom_9_1024_0.6, 000034, 170, 181, PRDE, 2289, 60, 38.150000, 
shom_9_1024_0.6, 000035, 144, 195, PRDE, 2333, 60, 38.883333, 
shom_9_1024_0.6, 000035, 144, 195, PRDE, 2392, 60, 39.866667, 
shom_9_1024_0.6, 000036, 145, 194, PRDE, 2409, 60, 40.150000, 
shom_9_1024_0.6, 000036, 174, 194, PRDE, 2488, 60, 41.466667, 
shom_9_1024_0.6, 000037, 174, 202, PRDE, 2537, 60, 42.283333, 
shom_9_1024_0.6, 000037, 160, 202, PRDE, 2610, 60, 43.500000, 
shom_9_1024_0.6, 000038, 144, 203, PRDE, 2665, 60, 44.416667, 
shom_9_1024_0.6, 000038, 132, 206, PRDE, 2706, 60, 45.100000, 
shom_9_1024_0.6, 000040, 106, 214, PRDE, 2716, 60, 45.266667, 
shom_9_1024_0.6, 000040, 159, 206, PRDE, 2792, 60, 46.533333, 
shom_9_1024_0.6, 000041, 156, 201, PRDE, 2882, 60, 48.033333, 
shom_9_1024_0.6, 000042, 174, 192, PRDE, 2947, 60, 49.116667, 
shom_9_1024_0.6, 000042, 168, 192, PRDE, 3023, 60, 50.383333, 
shom_9_1024_0.6, 000044, 166, 177, PRDE, 3061, 60, 51.016667, 
shom_9_1024_0.6, 000045, 192, 211, PRDE, 3099, 60, 51.650000, 
shom_9_1024_0.6, 000045, 169, 211, PRDE, 3182, 60, 53.033333, 
shom_9_1024_0.6, 000046, 168, 211, PRDE, 3241, 60, 54.016667, 
shom_9_1024_0.6, 000046, 149, 211, PRDE, 3306, 60, 55.100000, 
shom_9_1024_0.6, 000046, 149, 210, PRDE, 3378, 60, 56.300000, 
shom_9_1024_0.6, 000049, 169, 179, PRDE, 3433, 60, 57.216667, 
shom_9_1024_0.6, 000050, 160, 251, PRDE, 3485, 60, 58.083333, 
shom_9_1024_0.6, 000050, 137, 251, PRDE, 3551, 60, 59.183333, 
shom_9_1024_0.6, 000051, 164, 209, PRDE, 3641, 60, 60.683333, 
shom_9_1024_0.6, 000051, 164, 209, PRDE, 3655, 60, 60.916667, 
shom_9_1024_0.6, 000053, 145, 178, PRDE, 3717, 60, 61.950000, 
shom_9_1024_0.6, 000054, 171, 177, PRDE, 3769, 60, 62.816667, 
shom_9_1024_0.6, 000054, 144, 177, PRDE, 3838, 60, 63.966667, 
shom_9_1024_0.6, 000056, 173, 208, PRDE, 3914, 60, 65.233333, 
shom_9_1024_0.6, 000056, 165, 208, PRDE, 3997, 60, 66.616667, 
shom_9_1024_0.6, 000057, 159, 183, PRDE, 4052, 60, 67.533333, 
shom_9_1024_0.6, 000058, 156, 177, PRDE, 4103, 60, 68.383333, 
shom_9_1024_0.6, 000058, 156, 176, PRDE, 4141, 60, 69.016667, 
shom_9_1024_0.6, 000058, 162, 194, PRDE, 4169, 60, 69.483333, 
shom_9_1024_0.6, 000059, 162, 191, PRDE, 4242, 60, 70.700000, 
shom_9_1024_0.6, 000060, 163, 235, PRDE, 4301, 60, 71.683333, 
shom_9_1024_0.6, 000060, 163, 235, PRDE, 4319, 60, 71.983333, 
shom_9_1024_0.6, 000061, 144, 234, PRDE, 4388, 60, 73.133333, 
shom_9_1024_0.6, 000061, 160, 195, PRDE, 4453, 60, 74.216667, 
shom_9_1024_0.6, 000061, 145, 194, PRDE, 4526, 60, 75.433333, 
shom_9_1024_0.6, 000062, 145, 194, PRDE, 4581, 60, 76.350000, 
shom_9_1024_0.6, 000062, 139, 193, PRDE, 4609, 60, 76.816667, 
shom_9_1024_0.6, 000064, 139, 192, PRDE, 4636, 60, 77.266667, 
shom_9_1024_0.6, 000065, 138, 223, PRDE, 4723, 60, 78.716667, 
shom_9_1024_0.6, 000065, 116, 172, PRDE, 4781, 60, 79.683333, 
shom_9_1024_0.6, 000067, 177, 211, PRDE, 4826, 60, 80.433333, 
shom_9_1024_0.6, 000067, 170, 201, PRDE, 4905, 60, 81.750000, 
shom_9_1024_0.6, 000067, 166, 201, PRDE, 4974, 60, 82.900000, 
shom_9_1024_0.6, 000068, 146, 201, PRDE, 5032, 60, 83.866667, 
shom_9_1024_0.6, 000068, 148, 178, PRDE, 5049, 60, 84.150000, 
shom_9_1024_0.6, 000068, 144, 178, PRDE, 5101, 60, 85.016667, 
shom_9_1024_0.6, 000069, 144, 197, PRDE, 5187, 60, 86.450000, 
shom_9_1024_0.6, 000070, 170, 202, PRDE, 5267, 60, 87.783333, 
shom_9_1024_0.6, 000071, 170, 202, PRDE, 5357, 60, 89.283333, 
shom_9_1024_0.6, 000072, 163, 190, PRDE, 5374, 60, 89.566667, 
shom_9_1024_0.6, 000072, 164, 182, PRDE, 5456, 60, 90.933333, 
shom_9_1024_0.6, 000073, 156, 182, PRDE, 5493, 60, 91.550000, 
shom_9_1024_0.6, 000073, 156, 182, PRDE, 5552, 60, 92.533333, 
shom_9_1024_0.6, 000075, 152, 174, PRDE, 5597, 60, 93.283333, 
shom_9_1024_0.6, 000075, 86, 300, PRDE, 5659, 60, 94.316667, 
shom_9_1024_0.6, 000076, 162, 215, PRDE, 5701, 60, 95.016667, 
shom_9_1024_0.6, 000076, 155, 215, PRDE, 5777, 60, 96.283333, 
shom_9_1024_0.6, 000077, 162, 175, PRDE, 5815, 60, 96.916667, 
shom_9_1024_0.6, 000078, 162, 175, PRDE, 5877, 60, 97.950000, 
shom_9_1024_0.6, 000078, 162, 177, PRDE, 5929, 60, 98.816667, 
shom_9_1024_0.6, 000079, 144, 197, PRDE, 5973, 60, 99.550000, 
shom_9_1024_0.6, 000080, 145, 197, PRDE, 6049, 60, 100.816667, 
shom_9_1024_0.6, 000081, 166, 191, PRDE, 6132, 60, 102.200000, 
shom_9_1024_0.6, 000081, 158, 191, PRDE, 6197, 60, 103.283333, 
shom_9_1024_0.6, 000081, 144, 190, PRDE, 6262, 60, 104.366667, 
shom_9_1024_0.6, 000082, 148, 190, PRDE, 6317, 60, 105.283333, 
shom_9_1024_0.6, 000083, 148, 185, PRDE, 6338, 60, 105.633333, 
shom_9_1024_0.6, 000083, 144, 185, PRDE, 6366, 60, 106.100000, 
shom_9_1024_0.6, 000083, 171, 211, PRDE, 6415, 60, 106.916667, 
shom_9_1024_0.6, 000085, 144, 234, PRDE, 6508, 60, 108.466667, 
shom_9_1024_0.6, 000086, 166, 227, PRDE, 6595, 60, 109.916667, 
shom_9_1024_0.6, 000087, 166, 223, PRDE, 6654, 60, 110.900000, 
shom_9_1024_0.6, 000089, 167, 195, PRDE, 6737, 60, 112.283333, 
shom_9_1024_0.6, 000089, 163, 195, PRDE, 6757, 60, 112.616667, 
shom_9_1024_0.6, 000091, 167, 210, PRDE, 6822, 60, 113.700000, 
shom_9_1024_0.6, 000092, 167, 198, PRDE, 6912, 60, 115.200000, 
shom_9_1024_0.6, 000092, 177, 198, PRDE, 6995, 60, 116.583333, 
shom_9_1024_0.6, 000092, 166, 194, PRDE, 7061, 60, 117.683333, 
shom_9_1024_0.6, 000093, 164, 193, PRDE, 7072, 60, 117.866667, 
shom_9_1024_0.6, 000096, 152, 215, PRDE, 7151, 60, 119.183333, 
shom_9_1024_0.6, 000096, 152, 217, PRDE, 7210, 60, 120.166667, 
shom_9_1024_0.6, 000097, 156, 207, PRDE, 7290, 60, 121.500000, 
shom_9_1024_0.6, 000098, 159, 167, PRDE, 7307, 60, 121.783333, 
shom_9_1024_0.6, 000100, 157, 179, PRDE, 7393, 60, 123.216667, 
shom_9_1024_0.6, 000100, 129, 325, PRDE, 7462, 60, 124.366667, 
shom_9_1024_0.6, 000101, 171, 192, PRDE, 7511, 60, 125.183333, 
shom_9_1024_0.6, 000102, 178, 196, PRDE, 7583, 60, 126.383333, 
shom_9_1024_0.6, 000102, 171, 196, PRDE, 7669, 60, 127.816667, 
shom_9_1024_0.6, 000102, 148, 196, PRDE, 7745, 60, 129.083333, 
shom_9_1024_0.6, 000105, 168, 180, PRDE, 7797, 60, 129.950000, 
shom_9_1024_0.6, 000106, 165, 196, PRDE, 7869, 60, 131.150000, 
shom_9_1024_0.6, 000106, 146, 191, PRDE, 7952, 60, 132.533333, 
shom_9_1024_0.6, 000107, 163, 206, PRDE, 7966, 60, 132.766667, 
shom_9_1024_0.6, 000108, 160, 186, PRDE, 8028, 60, 133.800000, 
shom_9_1024_0.6, 000110, 138, 498, PRDE, 8046, 60, 134.100000, 
shom_9_1024_0.6, 000111, 162, 246, PRDE, 8122, 60, 135.366667, 
shom_9_1024_0.6, 000111, 138, 246, PRDE, 8180, 60, 136.333333, 
shom_9_1024_0.6, 000112, 146, 173, PRDE, 8259, 60, 137.650000, 
shom_9_1024_0.6, 000112, 146, 173, PRDE, 8331, 60, 138.850000, 
shom_9_1024_0.6, 000113, 161, 206, PRDE, 8365, 60, 139.416667, 
shom_9_1024_0.6, 000115, 144, 170, PRDE, 8445, 60, 140.750000, 
shom_9_1024_0.6, 000116, 120, 136, PRDE, 8542, 60, 142.366667, 
shom_9_1024_0.6, 000116, 120, 193, PRDE, 8625, 60, 143.750000, 
shom_9_1024_0.6, 000116, 148, 193, PRDE, 8649, 60, 144.150000, 
shom_9_1024_0.6, 000117, 168, 192, PRDE, 8718, 60, 145.300000, 
shom_9_1024_0.6, 000118, 173, 191, PRDE, 8800, 60, 146.666667, 
shom_9_1024_0.6, 000118, 167, 192, PRDE, 8848, 60, 147.466667, 
shom_9_1024_0.6, 000121, 173, 263, PRDE, 8866, 60, 147.766667, 
shom_9_1024_0.6, 000122, 158, 188, PRDE, 8939, 60, 148.983333, 
shom_9_1024_0.6, 000123, 179, 188, PRDE, 8974, 60, 149.566667, 
shom_9_1024_0.6, 000124, 161, 185, PRDE, 9019, 60, 150.316667, 
shom_9_1024_0.6, 000124, 158, 185, PRDE, 9063, 60, 151.050000, 
shom_9_1024_0.6, 000126, 165, 198, PRDE, 9122, 60, 152.033333, 
shom_9_1024_0.6, 000126, 165, 198, PRDE, 9215, 60, 153.583333, 
shom_9_1024_0.6, 000126, 165, 182, PRDE, 9267, 60, 154.450000, 
shom_9_1024_0.6, 000127, 165, 193, PRDE, 9315, 60, 155.250000, 
shom_9_1024_0.6, 000129, 159, 176, PRDE, 9383, 60, 156.383333, 
shom_9_1024_0.6, 000129, 159, 176, PRDE, 9452, 60, 157.533333, 
shom_9_1024_0.6, 000132, 159, 170, PRDE, 9525, 60, 158.750000, 
shom_9_1024_0.6, 000132, 159, 173, PRDE, 9598, 60, 159.966667, 
shom_9_1024_0.6, 000134, 161, 172, PRDE, 9619, 60, 160.316667, 
shom_9_1024_0.6, 000136, 137, 198, PRDE, 9660, 60, 161.000000, 
shom_9_1024_0.6, 000136, 155, 196, PRDE, 9685, 60, 161.416667, 
shom_9_1024_0.6, 000136, 137, 193, PRDE, 9754, 60, 162.566667, 
shom_9_1024_0.6, 000138, 165, 181, PRDE, 9802, 60, 163.366667, 
shom_9_1024_0.6, 000139, 162, 180, PRDE, 9850, 60, 164.166667, 
shom_9_1024_0.6, 000140, 162, 191, PRDE, 9899, 60, 164.983333, 
shom_9_1024_0.6, 000141, 159, 217, PRDE, 9975, 60, 166.250000, 
shom_9_1024_0.6, 000141, 156, 217, PRDE, 10040, 60, 167.333333, 
shom_9_1024_0.6, 000142, 151, 209, PRDE, 10095, 60, 168.250000, 
shom_9_1024_0.6, 000142, 146, 189, PRDE, 10195, 60, 169.916667, 
shom_9_1024_0.6, 000142, 143, 188, PRDE, 10271, 60, 171.183333, 
shom_9_1024_0.6, 000143, 163, 183, PRDE, 10329, 60, 172.150000, 
shom_9_1024_0.6, 000144, 163, 182, PRDE, 10343, 60, 172.383333, 
shom_9_1024_0.6, 000145, 148, 180, PRDE, 10360, 60, 172.666667, 
shom_9_1024_0.6, 000146, 159, 205, PRDE, 10402, 60, 173.366667, 
shom_9_1024_0.6, 000146, 138, 204, PRDE, 10433, 60, 173.883333, 
shom_9_1024_0.6, 000146, 138, 194, PRDE, 10516, 60, 175.266667, 
shom_9_1024_0.6, 000147, 156, 199, PRDE, 10602, 60, 176.700000, 
shom_9_1024_0.6, 000147, 156, 189, PRDE, 10670, 60, 177.833333, 
shom_9_1024_0.6, 000148, 153, 184, PRDE, 10746, 60, 179.100000, 
shom_9_1024_0.6, 000149, 164, 182, PRDE, 10798, 60, 179.966667, 
shom_9_1024_0.6, 000149, 144, 182, PRDE, 10864, 60, 181.066667, 
shom_9_1024_0.6, 000149, 144, 182, PRDE, 10885, 60, 181.416667, 
shom_9_1024_0.6, 000151, 178, 185, PRDE, 10927, 60, 182.116667, 
shom_9_1024_0.6, 000151, 178, 230, PRDE, 11003, 60, 183.383333, 
shom_9_1024_0.6, 000151, 165, 187, PRDE, 11089, 60, 184.816667, 
shom_9_1024_0.6, 000152, 165, 187, PRDE, 11158, 60, 185.966667, 
shom_9_1024_0.6, 000153, 165, 187, PRDE, 11234, 60, 187.233333, 
shom_9_1024_0.6, 000154, 157, 190, PRDE, 11289, 60, 188.150000, 
shom_9_1024_0.6, 000156, 80, 170, PRDE, 11369, 60, 189.483333, 
shom_9_1024_0.6, 000157, 166, 176, PRDE, 11421, 60, 190.350000, 
shom_9_1024_0.6, 000157, 153, 176, PRDE, 11487, 60, 191.450000, 
shom_9_1024_0.6, 000157, 149, 155, PRDE, 11559, 60, 192.650000, 
shom_9_1024_0.6, 000157, 149, 176, PRDE, 11600, 60, 193.333333, 
shom_9_1024_0.6, 000158, 149, 198, PRDE, 11665, 60, 194.416667, 
shom_9_1024_0.6, 000161, 187, 194, PRDE, 11714, 60, 195.233333, 
shom_9_1024_0.6, 000161, 170, 196, PRDE, 11794, 60, 196.566667, 
shom_9_1024_0.6, 000162, 164, 185, PRDE, 11856, 60, 197.600000, 
shom_9_1024_0.6, 000163, 162, 185, PRDE, 11894, 60, 198.233333, 
shom_9_1024_0.6, 000163, 144, 185, PRDE, 11959, 60, 199.316667, 
shom_9_1024_0.6, 000163, 155, 212, PRDE, 12052, 60, 200.866667, 
shom_9_1024_0.6, 000166, 163, 167, PRDE, 12094, 60, 201.566667, 
shom_9_1024_0.6, 000166, 163, 212, PRDE, 12125, 60, 202.083333, 
shom_9_1024_0.6, 000166, 162, 212, PRDE, 12184, 60, 203.066667, 
shom_9_1024_0.6, 000166, 144, 212, PRDE, 12243, 60, 204.050000, 
shom_9_1024_0.6, 000168, 140, 188, PRDE, 12343, 60, 205.716667, 
shom_9_1024_0.6, 000168, 140, 188, PRDE, 12429, 60, 207.150000, 
shom_9_1024_0.6, 000170, 157, 184, PRDE, 12470, 60, 207.833333, 
shom_9_1024_0.6, 000171, 127, 267, PRDE, 12536, 60, 208.933333, 
shom_9_1024_0.6, 000171, 156, 191, PRDE, 12588, 60, 209.800000, 
shom_9_1024_0.6, 000172, 170, 176, PRDE, 12660, 60, 211.000000, 
shom_9_1024_0.6, 000172, 167, 184, PRDE, 12743, 60, 212.383333, 
shom_9_1024_0.6, 000174, 167, 175, PRDE, 12808, 60, 213.466667, 
shom_9_1024_0.6, 000175, 145, 175, PRDE, 12859, 60, 214.316667, 
shom_9_1024_0.6, 000176, 131, 202, PRDE, 12894, 60, 214.900000, 
shom_9_1024_0.6, 000176, 111, 202, PRDE, 12956, 60, 215.933333, 
shom_9_1024_0.6, 000177, 147, 189, PRDE, 13021, 60, 217.016667, 
shom_9_1024_0.6, 000177, 144, 189, PRDE, 13111, 60, 218.516667, 
shom_9_1024_0.6, 000177, 144, 190, PRDE, 13156, 60, 219.266667, 
shom_9_1024_0.6, 000178, 144, 190, PRDE, 13235, 60, 220.583333, 
shom_9_1024_0.6, 000178, 149, 183, PRDE, 13300, 60, 221.666667, 
shom_9_1024_0.6, 000181, 175, 221, PRDE, 13386, 60, 223.100000, 
shom_9_1024_0.6, 000181, 139, 221, PRDE, 13465, 60, 224.416667, 
shom_9_1024_0.6, 000182, 175, 206, PRDE, 13534, 60, 225.566667, 
shom_9_1024_0.6, 000184, 178, 222, PRDE, 13586, 60, 226.433333, 
shom_9_1024_0.6, 000185, 163, 223, PRDE, 13652, 60, 227.533333, 
shom_9_1024_0.6, 000185, 153, 222, PRDE, 13717, 60, 228.616667, 
shom_9_1024_0.6, 000185, 151, 183, PRDE, 13783, 60, 229.716667, 
shom_9_1024_0.6, 000186, 150, 217, PRDE, 13870, 60, 231.166667, 
shom_9_1024_0.6, 000187, 150, 185, PRDE, 13894, 60, 231.566667, 
shom_9_1024_0.6, 000188, 163, 182, PRDE, 13945, 60, 232.416667, 
shom_9_1024_0.6, 000189, 157, 176, PRDE, 14017, 60, 233.616667, 
shom_9_1024_0.6, 000189, 157, 178, PRDE, 14062, 60, 234.366667, 
shom_9_1024_0.6, 000190, 151, 186, PRDE, 14131, 60, 235.516667, 
shom_9_1024_0.6, 000190, 144, 186, PRDE, 14197, 60, 236.616667, 
shom_9_1024_0.6, 000193, 172, 206, PRDE, 14259, 60, 237.650000, 
shom_9_1024_0.6, 000193, 172, 206, PRDE, 14297, 60, 238.283333, 
shom_9_1024_0.6, 000193, 169, 199, PRDE, 14394, 60, 239.900000, 
shom_9_1024_0.6, 000194, 170, 198, PRDE, 14428, 60, 240.466667, 
shom_9_1024_0.6, 000195, 169, 172, PRDE, 14490, 60, 241.500000, 
shom_9_1024_0.6, 000196, 183, 232, PRDE, 14587, 60, 243.116667, 
shom_9_1024_0.6, 000196, 166, 232, PRDE, 14632, 60, 243.866667, 
shom_9_1024_0.6, 000198, 166, 196, PRDE, 14718, 60, 245.300000, 
shom_9_1024_0.6, 000198, 163, 196, PRDE, 14773, 60, 246.216667, 
shom_9_1024_0.6, 000199, 166, 173, PRDE, 14787, 60, 246.450000, 
shom_9_1024_0.6, 000199, 153, 173, PRDE, 14853, 60, 247.550000, 
shom_9_1024_0.6, 000201, 129, 172, PRDE, 14904, 60, 248.400000, 
shom_9_1024_0.6, 000201, 167, 278, PRDE, 14991, 60, 249.850000, 
shom_9_1024_0.6, 000201, 158, 276, PRDE, 15053, 60, 250.883333, 
shom_9_1024_0.6, 000204, 162, 168, PRDE, 15094, 60, 251.566667, 
shom_9_1024_0.6, 000204, 161, 167, PRDE, 15139, 60, 252.316667, 
shom_9_1024_0.6, 000204, 161, 204, PRDE, 15184, 60, 253.066667, 
shom_9_1024_0.6, 000206, 97, 377, PRDE, 15215, 60, 253.583333, 
shom_9_1024_0.6, 000206, 142, 164, PRDE, 15246, 60, 254.100000, 
shom_9_1024_0.6, 000206, 137, 164, PRDE, 15308, 60, 255.133333, 
shom_9_1024_0.6, 000206, 137, 183, PRDE, 15352, 60, 255.866667, 
shom_9_1024_0.6, 000207, 137, 183, PRDE, 15439, 60, 257.316667, 
shom_9_1024_0.6, 000208, 174, 196, PRDE, 15532, 60, 258.866667, 
shom_9_1024_0.6, 000209, 137, 196, PRDE, 15615, 60, 260.250000, 
shom_9_1024_0.6, 000209, 137, 187, PRDE, 15663, 60, 261.050000, 
shom_9_1024_0.6, 000211, 177, 271, PRDE, 15760, 60, 262.666667, 
shom_9_1024_0.6, 000212, 177, 207, PRDE, 15822, 60, 263.700000, 
shom_9_1024_0.6, 000212, 177, 197, PRDE, 15887, 60, 264.783333, 
shom_9_1024_0.6, 000213, 168, 197, PRDE, 15973, 60, 266.216667, 
shom_9_1024_0.6, 000213, 168, 197, PRDE, 15994, 60, 266.566667, 
shom_9_1024_0.6, 000213, 158, 196, PRDE, 16014, 60, 266.900000, 
shom_9_1024_0.6, 000215, 144, 189, PRDE, 16073, 60, 267.883333, 
shom_9_1024_0.6, 000216, None, 200, PRDE, 16100, 60, 268.333333, 
shom_9_1024_0.6, 000216, 152, 187, PRDE, 16180, 60, 269.666667, 
shom_9_1024_0.6, 000217, 135, 169, PRDE, 16263, 60, 271.050000, 
shom_9_1024_0.6, 000217, 135, 170, PRDE, 16291, 60, 271.516667, 
shom_9_1024_0.6, 000217, 135, 200, PRDE, 16356, 60, 272.600000, 
shom_9_1024_0.6, 000218, 178, 200, PRDE, 16367, 60, 272.783333, 
shom_9_1024_0.6, 000219, 161, 191, PRDE, 16450, 60, 274.166667, 
shom_9_1024_0.6, 000220, 164, 191, PRDE, 16495, 60, 274.916667, 
shom_9_1024_0.6, 000221, 125, 233, PRDE, 16509, 60, 275.150000, 
shom_9_1024_0.6, 000221, 125, 217, PRDE, 16554, 60, 275.900000, 
shom_9_1024_0.6, 000222, 131, 215, PRDE, 16634, 60, 277.233333, 
shom_9_1024_0.6, 000225, 161, 198, PRDE, 16685, 60, 278.083333, 
shom_9_1024_0.6, 000225, 160, 168, PRDE, 16758, 60, 279.300000, 
shom_9_1024_0.6, 000226, 179, 192, PRDE, 16851, 60, 280.850000, 
shom_9_1024_0.6, 000227, 166, 192, PRDE, 16883, 60, 281.383333, 
shom_9_1024_0.6, 000228, 165, 197, PRDE, 16955, 60, 282.583333, 
shom_9_1024_0.6, 000228, 161, 172, PRDE, 17010, 60, 283.500000, 
shom_9_1024_0.6, 000229, 161, 173, PRDE, 17034, 60, 283.900000, 
shom_9_1024_0.6, 000229, 159, 199, PRDE, 17089, 60, 284.816667, 
shom_9_1024_0.6, 000231, None, 143, PRDE, 17151, 60, 285.850000, 
shom_9_1024_0.6, 000231, 152, 184, PRDE, 17226, 60, 287.100000, 
shom_9_1024_0.6, 000231, 152, 202, PRDE, 17254, 60, 287.566667, 
shom_9_1024_0.6, 000233, 178, 194, PRDE, 17316, 60, 288.600000, 
shom_9_1024_0.6, 000234, 171, 195, PRDE, 17361, 60, 289.350000, 
shom_9_1024_0.6, 000234, 165, 195, PRDE, 17423, 60, 290.383333, 
shom_9_1024_0.6, 000236, 168, 200, PRDE, 17499, 60, 291.650000, 
shom_9_1024_0.6, 000237, 164, 206, PRDE, 17579, 60, 292.983333, 
shom_9_1024_0.6, 000237, 164, 182, PRDE, 17638, 60, 293.966667, 
shom_9_1024_0.6, 000239, 179, 184, PRDE, 17683, 60, 294.716667, 
shom_9_1024_0.6, 000239, 172, 213, PRDE, 17745, 60, 295.750000, 
shom_9_1024_0.6, 000240, 168, 205, PRDE, 17783, 60, 296.383333, 
shom_9_1024_0.6, 000241, 125, 151, PRDE, 17859, 60, 297.650000, 
shom_9_1024_0.6, 000242, 137, 161, PRDE, 17880, 60, 298.000000, 
shom_9_1024_0.6, 000242, 150, 161, PRDE, 17935, 60, 298.916667, 
shom_9_1024_0.6, 000242, 150, 179, PRDE, 17976, 60, 299.600000, 
shom_9_1024_0.6, 000243, 150, 184, PRDE, 18056, 60, 300.933333, 
shom_9_1024_0.6, 000245, 150, 196, PRDE, 18115, 60, 301.916667, 
shom_9_1024_0.6, 000246, 163, 174, PRDE, 18163, 60, 302.716667, 
shom_9_1024_0.6, 000247, 165, 174, PRDE, 18243, 60, 304.050000, 
shom_9_1024_0.6, 000248, 161, 185, PRDE, 18305, 60, 305.083333, 
shom_9_1024_0.6, 000248, 160, 185, PRDE, 18373, 60, 306.216667, 
shom_9_1024_0.6, 000249, 145, 159, PRDE, 18422, 60, 307.033333, 
shom_9_1024_0.6, 000250, 145, 185, PRDE, 18498, 60, 308.300000, 
shom_9_1024_0.6, 000250, 142, 185, PRDE, 18564, 60, 309.400000, 
shom_9_1024_0.6, 000250, 144, 185, PRDE, 18629, 60, 310.483333, 
shom_9_1024_0.6, 000251, 107, 178, PRDE, 18684, 60, 311.400000, 
shom_9_1024_0.6, 000252, 146, 202, PRDE, 18764, 60, 312.733333, 
shom_9_1024_0.6, 000253, 175, 189, PRDE, 18809, 60, 313.483333, 
shom_9_1024_0.6, 000253, 149, 190, PRDE, 18881, 60, 314.683333, 
shom_9_1024_0.6, 000254, 149, 190, PRDE, 18964, 60, 316.066667, 
shom_9_1024_0.6, 000254, 161, 190, PRDE, 18984, 60, 316.400000, 
shom_9_1024_0.6, 000256, 178, 195, PRDE, 19002, 60, 316.700000, 
shom_9_1024_0.6, 000256, 161, 195, PRDE, 19088, 60, 318.133333, 
shom_9_1024_0.6, 000257, 166, 180, PRDE, 19122, 60, 318.700000, 
shom_9_1024_0.6, 000257, 168, 180, PRDE, 19164, 60, 319.400000, 
shom_9_1024_0.6, 000258, 144, 180, PRDE, 19212, 60, 320.200000, 
shom_9_1024_0.6, 000258, 144, 180, PRDE, 19281, 60, 321.350000, 
shom_9_1024_0.6, 000258, 144, 193, PRDE, 19298, 60, 321.633333, 
shom_9_1024_0.6, 000258, 127, 193, PRDE, 19325, 60, 322.083333, 
shom_9_1024_0.6, 000259, 136, 195, PRDE, 19384, 60, 323.066667, 
shom_9_1024_0.6, 000262, 170, 189, PRDE, 19453, 60, 324.216667, 
shom_9_1024_0.6, 000262, 168, 184, PRDE, 19540, 60, 325.666667, 
shom_9_1024_0.6, 000262, 175, 184, PRDE, 19567, 60, 326.116667, 
shom_9_1024_0.6, 000263, 144, 183, PRDE, 19643, 60, 327.383333, 
shom_9_1024_0.6, 000264, 144, 151, PRDE, 19684, 60, 328.066667, 
shom_9_1024_0.6, 000265, 149, 158, PRDE, 19712, 60, 328.533333, 
shom_9_1024_0.6, 000265, 143, 158, PRDE, 19764, 60, 329.400000, 
shom_9_1024_0.6, 000265, 143, 164, PRDE, 19792, 60, 329.866667, 
shom_9_1024_0.6, 000266, 178, 232, PRDE, 19872, 60, 331.200000, 
shom_9_1024_0.6, 000266, 164, 232, PRDE, 19948, 60, 332.466667, 
shom_9_1024_0.6, 000268, 168, 201, PRDE, 20041, 60, 334.016667, 
shom_9_1024_0.6, 000268, 158, 201, PRDE, 20109, 60, 335.150000, 
shom_9_1024_0.6, 000269, 170, 184, PRDE, 20157, 60, 335.950000, 
shom_9_1024_0.6, 000271, 99, 199, PRDE, 20233, 60, 337.216667, 
shom_9_1024_0.6, 000272, 173, 196, PRDE, 20316, 60, 338.600000, 
shom_9_1024_0.6, 000272, 165, 196, PRDE, 20392, 60, 339.866667, 
shom_9_1024_0.6, 000273, 172, 189, PRDE, 20479, 60, 341.316667, 
shom_9_1024_0.6, 000274, 166, 181, PRDE, 20534, 60, 342.233333, 
shom_9_1024_0.6, 000274, 157, 178, PRDE, 20596, 60, 343.266667, 
shom_9_1024_0.6, 000275, 163, 177, PRDE, 20668, 60, 344.466667, 
shom_9_1024_0.6, 000276, 163, 187, PRDE, 20751, 60, 345.850000, 
shom_9_1024_0.6, 000276, 125, 187, PRDE, 20806, 60, 346.766667, 
shom_9_1024_0.6, 000277, 143, 160, PRDE, 20874, 60, 347.900000, 
shom_9_1024_0.6, 000278, 137, 184, PRDE, 20895, 60, 348.250000, 
shom_9_1024_0.6, 000278, 137, 202, PRDE, 20954, 60, 349.233333, 
shom_9_1024_0.6, 000279, 137, 202, PRDE, 21037, 60, 350.616667, 
shom_9_1024_0.6, 000279, 132, 202, PRDE, 21068, 60, 351.133333, 
shom_9_1024_0.6, 000279, 162, 194, PRDE, 21099, 60, 351.650000, 
shom_9_1024_0.6, 000281, 130, 267, PRDE, 21157, 60, 352.616667, 
shom_9_1024_0.6, 000282, 146, 211, PRDE, 21237, 60, 353.950000, 
shom_9_1024_0.6, 000283, 177, 196, PRDE, 21282, 60, 354.700000, 
shom_9_1024_0.6, 000283, 157, 183, PRDE, 21365, 60, 356.083333, 
shom_9_1024_0.6, 000284, 149, 183, PRDE, 21431, 60, 357.183333, 
shom_9_1024_0.6, 000284, 138, 203, PRDE, 21476, 60, 357.933333, 
shom_9_1024_0.6, 000285, 138, 212, PRDE, 21514, 60, 358.566667, 
shom_9_1024_0.6, 000287, 166, 191, PRDE, 21569, 60, 359.483333, 
shom_9_1024_0.6, 000288, 166, 191, PRDE, 21645, 60, 360.750000, 
shom_9_1024_0.6, 000289, 168, 184, PRDE, 21697, 60, 361.616667, 
shom_9_1024_0.6, 000291, 167, 226, PRDE, 21756, 60, 362.600000, 
shom_9_1024_0.6, 000292, 167, 186, PRDE, 21804, 60, 363.400000, 
shom_9_1024_0.6, 000293, 166, 203, PRDE, 21853, 60, 364.216667, 
shom_9_1024_0.6, 000295, 159, 206, PRDE, 21911, 60, 365.183333, 
shom_9_1024_0.6, 000296, 156, 211, PRDE, 21980, 60, 366.333333, 
shom_9_1024_0.6, 000296, 109, 216, PRDE, 22059, 60, 367.650000, 
shom_9_1024_0.6, 000297, 150, 212, PRDE, 22139, 60, 368.983333, 
shom_9_1024_0.6, 000298, 144, 203, PRDE, 22222, 60, 370.366667, 
shom_9_1024_0.6, 000299, 152, 195, PRDE, 22280, 60, 371.333333, 
shom_9_1024_0.6, 000299, 152, 193, PRDE, 22301, 60, 371.683333, 
shom_9_1024_0.6, 000300, 153, 193, PRDE, 22301, 60, 371.683333, 
