,trade,best_bid,best_offer,trader_name,total_profit,traders_number,avg_profit,run_n,k,F
676,300.0,128.0,167.0, PRDE,20965.0,60.0,349.416667,0,4,0.0
431,300.0,158.0,162.0, PRDE,22174.0,60.0,369.566667,0,4,0.2
888,300.0,161.0,173.0, PRDE,18220.0,60.0,303.666667,0,4,0.4
438,300.0,121.0,150.0, PRDE,23014.0,60.0,383.566667,0,4,0.6
810,300.0,162.0,189.0, PRDE,15246.0,60.0,254.1,0,4,0.8
422,300.0,144.0,147.0, PRDE,24444.0,60.0,407.4,0,4,1.1
54,300.0,165.0,180.0, PRDE,17802.0,60.0,296.7,0,4,1.3
117,300.0,140.0,176.0, PRDE,24661.0,60.0,411.016667,0,4,1.5
356,300.0,157.0,177.0, PRDE,20676.0,60.0,344.6,0,4,1.7
705,300.0,141.0,144.0, PRDE,18164.0,60.0,302.733333,0,4,2.0
342,300.0,153.0,155.0, PRDE,19154.0,60.0,319.233333,0,8,0.0
569,300.0,148.0,158.0, PRDE,26144.0,60.0,435.733333,0,8,0.2
848,300.0,146.0,168.0, PRDE,21569.0,60.0,359.483333,0,8,0.4
91,300.0,156.0,162.0, PRDE,19533.0,60.0,325.55,0,8,0.6
695,300.0,133.0,172.0, PRDE,19793.0,60.0,329.883333,0,8,0.8
146,300.0,162.0,191.0, PRDE,21473.0,60.0,357.883333,0,8,1.1
641,300.0,145.0,192.0, PRDE,18769.0,60.0,312.816667,0,8,1.3
806,300.0,144.0,168.0, PRDE,19851.0,60.0,330.85,0,8,1.5
627,300.0,132.0,175.0, PRDE,25666.0,60.0,427.766667,0,8,1.7
214,300.0,145.0,205.0, PRDE,22822.0,60.0,380.366667,0,8,2.0
830,300.0,124.0,167.0, PRDE,22680.0,60.0,378.0,0,16,0.0
852,300.0,142.0,171.0, PRDE,22479.0,60.0,374.65,0,16,0.2
277,300.0,154.0,160.0, PRDE,24897.0,60.0,414.95,0,16,0.4
831,300.0,152.0,155.0, PRDE,20672.0,60.0,344.533333,0,16,0.6
788,300.0,153.0,180.0, PRDE,16676.0,60.0,277.933333,0,16,0.8
63,300.0,129.0,144.0, PRDE,25117.0,60.0,418.616667,0,16,1.1
398,300.0,147.0,178.0, PRDE,18017.0,60.0,300.283333,0,16,1.3
576,300.0,174.0,195.0, PRDE,19820.0,60.0,330.333333,0,16,1.5
739,300.0,155.0,190.0, PRDE,18671.0,60.0,311.183333,0,16,1.7
744,300.0,134.0,153.0, PRDE,23310.0,60.0,388.5,0,16,2.0
322,300.0,142.0,180.0, PRDE,19842.0,60.0,330.7,0,32,0.0
307,300.0,143.0,155.0, PRDE,15548.0,60.0,259.133333,0,32,0.2
90,300.0,158.0,206.0, PRDE,21579.0,60.0,359.65,0,32,0.4
835,300.0,141.0,153.0, PRDE,22180.0,60.0,369.666667,0,32,0.6
247,300.0,151.0,166.0, PRDE,22502.0,60.0,375.033333,0,32,0.8
692,300.0,146.0,176.0, PRDE,22732.0,60.0,378.866667,0,32,1.1
282,300.0,127.0,165.0, PRDE,19054.0,60.0,317.566667,0,32,1.3
147,300.0,150.0,190.0, PRDE,21101.0,60.0,351.683333,0,32,1.5
316,300.0,141.0,170.0, PRDE,21119.0,60.0,351.983333,0,32,1.7
148,300.0,147.0,179.0, PRDE,17731.0,60.0,295.516667,0,32,2.0
143,300.0,137.0,180.0, PRDE,16286.0,60.0,271.433333,0,64,0.0
142,300.0,146.0,192.0, PRDE,14699.0,60.0,244.983333,0,64,0.2
654,300.0,160.0,182.0, PRDE,19000.0,60.0,316.666667,0,64,0.4
857,300.0,138.0,206.0, PRDE,22955.0,60.0,382.583333,0,64,0.6
672,300.0,141.0,168.0, PRDE,21494.0,60.0,358.233333,0,64,0.8
453,300.0,164.0,188.0, PRDE,14783.0,60.0,246.383333,0,64,1.1
759,300.0,148.0,151.0, PRDE,18454.0,60.0,307.566667,0,64,1.3
222,300.0,161.0,167.0, PRDE,13196.0,60.0,219.933333,0,64,1.5
656,300.0,157.0,182.0, PRDE,21726.0,60.0,362.1,0,64,1.7
560,300.0,141.0,150.0, PRDE,19356.0,60.0,322.6,0,64,2.0
839,300.0,179.0,214.0, PRDE,19247.0,60.0,320.783333,0,128,0.0
12,300.0,150.0,158.0, PRDE,19950.0,60.0,332.5,0,128,0.2
484,300.0,162.0,195.0, PRDE,16734.0,60.0,278.9,0,128,0.4
797,300.0,159.0,184.0, PRDE,20753.0,60.0,345.883333,0,128,0.6
187,300.0,151.0,199.0, PRDE,19073.0,60.0,317.883333,0,128,0.8
492,300.0,159.0,181.0, PRDE,22319.0,60.0,371.983333,0,128,1.1
162,300.0,139.0,162.0, PRDE,21684.0,60.0,361.4,0,128,1.3
399,300.0,133.0,162.0, PRDE,19117.0,60.0,318.616667,0,128,1.5
446,300.0,144.0,187.0, PRDE,24645.0,60.0,410.75,0,128,1.7
330,300.0,137.0,196.0, PRDE,27927.0,60.0,465.45,0,128,2.0
153,300.0,131.0,173.0, PRDE,19785.0,60.0,329.75,0,256,0.0
650,300.0,132.0,149.0, PRDE,15351.0,60.0,255.85,0,256,0.2
785,300.0,183.0,191.0, PRDE,22287.0,60.0,371.45,0,256,0.4
189,300.0,153.0,166.0, PRDE,20239.0,60.0,337.316667,0,256,0.6
818,300.0,151.0,158.0, PRDE,17883.0,60.0,298.05,0,256,0.8
780,300.0,157.0,172.0, PRDE,24326.0,60.0,405.433333,0,256,1.1
7,300.0,123.0,201.0, PRDE,23192.0,60.0,386.533333,0,256,1.3
512,300.0,147.0,182.0, PRDE,18796.0,60.0,313.266667,0,256,1.5
794,300.0,151.0,183.0, PRDE,16626.0,60.0,277.1,0,256,1.7
180,300.0,130.0,197.0, PRDE,20494.0,60.0,341.566667,0,256,2.0
850,300.0,160.0,177.0, PRDE,22250.0,60.0,370.833333,0,512,0.0
416,300.0,137.0,152.0, PRDE,21912.0,60.0,365.2,0,512,0.2
405,300.0,133.0,155.0, PRDE,17147.0,60.0,285.783333,0,512,0.4
658,300.0,133.0,143.0, PRDE,24397.0,60.0,406.616667,0,512,0.6
875,300.0,154.0,173.0, PRDE,19305.0,60.0,321.75,0,512,0.8
297,300.0,145.0,172.0, PRDE,16581.0,60.0,276.35,0,512,1.1
62,300.0,160.0,176.0, PRDE,23043.0,60.0,384.05,0,512,1.3
502,300.0,144.0,155.0, PRDE,17842.0,60.0,297.366667,0,512,1.5
877,300.0,142.0,161.0, PRDE,20440.0,60.0,340.666667,0,512,1.7
637,300.0,120.0,156.0, PRDE,21117.0,60.0,351.95,0,512,2.0
786,300.0,168.0,181.0, PRDE,19198.0,60.0,319.966667,0,1024,0.0
386,300.0,153.0,178.0, PRDE,15533.0,60.0,258.883333,0,1024,0.2
707,300.0,163.0,199.0, PRDE,20265.0,60.0,337.75,0,1024,0.4
71,300.0,134.0,193.0, PRDE,21183.0,60.0,353.05,0,1024,0.6
331,300.0,132.0,178.0, PRDE,19289.0,60.0,321.483333,0,1024,0.8
811,300.0,161.0,165.0, PRDE,19810.0,60.0,330.166667,0,1024,1.1
258,300.0,160.0,187.0, PRDE,16387.0,60.0,273.116667,0,1024,1.3
867,300.0,170.0,185.0, PRDE,22095.0,60.0,368.25,0,1024,1.5
5,300.0,167.0,175.0, PRDE,14423.0,60.0,240.383333,0,1024,1.7
652,300.0,155.0,181.0, PRDE,20144.0,60.0,335.733333,0,1024,2.0
255,300.0,149.0,163.0, PRDE,20957.0,60.0,349.283333,1,4,0.0
233,300.0,151.0,203.0, PRDE,21182.0,60.0,353.033333,1,4,0.2
622,300.0,156.0,172.0, PRDE,20676.0,60.0,344.6,1,4,0.4
734,300.0,162.0,197.0, PRDE,20145.0,60.0,335.75,1,4,0.6
60,300.0,148.0,187.0, PRDE,22091.0,60.0,368.183333,1,4,0.8
328,300.0,140.0,149.0, PRDE,26230.0,60.0,437.166667,1,4,1.1
718,300.0,164.0,202.0, PRDE,23291.0,60.0,388.183333,1,4,1.3
821,300.0,139.0,179.0, PRDE,19256.0,60.0,320.933333,1,4,1.5
871,300.0,141.0,153.0, PRDE,22558.0,60.0,375.966667,1,4,1.7
428,300.0,170.0,220.0, PRDE,18076.0,60.0,301.266667,1,4,2.0
196,300.0,150.0,174.0, PRDE,17222.0,60.0,287.033333,1,8,0.0
167,300.0,158.0,182.0, PRDE,18401.0,60.0,306.683333,1,8,0.2
295,300.0,156.0,193.0, PRDE,20006.0,60.0,333.433333,1,8,0.4
582,300.0,156.0,177.0, PRDE,15663.0,60.0,261.05,1,8,0.6
363,300.0,142.0,177.0, PRDE,17594.0,60.0,293.233333,1,8,0.8
10,300.0,139.0,187.0, PRDE,17027.0,60.0,283.783333,1,8,1.1
536,300.0,153.0,179.0, PRDE,20045.0,60.0,334.083333,1,8,1.3
434,300.0,152.0,172.0, PRDE,23613.0,60.0,393.55,1,8,1.5
754,300.0,157.0,159.0, PRDE,18612.0,60.0,310.2,1,8,1.7
553,300.0,157.0,195.0, PRDE,21088.0,60.0,351.466667,1,8,2.0
519,300.0,169.0,179.0, PRDE,19208.0,60.0,320.133333,1,16,0.0
680,300.0,160.0,187.0, PRDE,23685.0,60.0,394.75,1,16,0.2
689,300.0,169.0,173.0, PRDE,26019.0,60.0,433.65,1,16,0.4
302,300.0,148.0,177.0, PRDE,29330.0,60.0,488.833333,1,16,0.6
203,300.0,157.0,189.0, PRDE,15204.0,60.0,253.4,1,16,0.8
616,300.0,137.0,149.0, PRDE,16457.0,60.0,274.283333,1,16,1.1
863,300.0,158.0,187.0, PRDE,22953.0,60.0,382.55,1,16,1.3
449,300.0,150.0,158.0, PRDE,16476.0,60.0,274.6,1,16,1.5
549,300.0,138.0,173.0, PRDE,19568.0,60.0,326.133333,1,16,1.7
461,300.0,142.0,184.0, PRDE,23036.0,60.0,383.933333,1,16,2.0
631,300.0,137.0,183.0, PRDE,24181.0,60.0,403.016667,1,32,0.0
264,300.0,142.0,173.0, PRDE,20847.0,60.0,347.45,1,32,0.2
174,300.0,141.0,182.0, PRDE,21583.0,60.0,359.716667,1,32,0.4
720,300.0,121.0,170.0, PRDE,22048.0,60.0,367.466667,1,32,0.6
32,300.0,135.0,170.0, PRDE,19676.0,60.0,327.933333,1,32,0.8
752,300.0,163.0,177.0, PRDE,22968.0,60.0,382.8,1,32,1.1
578,300.0,135.0,187.0, PRDE,17942.0,60.0,299.033333,1,32,1.3
696,300.0,151.0,178.0, PRDE,17918.0,60.0,298.633333,1,32,1.5
24,300.0,182.0,210.0, PRDE,22858.0,60.0,380.966667,1,32,1.7
382,300.0,156.0,172.0, PRDE,17052.0,60.0,284.2,1,32,2.0
762,300.0,165.0,176.0, PRDE,21961.0,60.0,366.016667,1,64,0.0
483,300.0,173.0,184.0, PRDE,22257.0,60.0,370.95,1,64,0.2
130,300.0,154.0,171.0, PRDE,16405.0,60.0,273.416667,1,64,0.4
481,300.0,164.0,187.0, PRDE,20484.0,60.0,341.4,1,64,0.6
280,300.0,132.0,156.0, PRDE,21294.0,60.0,354.9,1,64,0.8
41,300.0,140.0,157.0, PRDE,19082.0,60.0,318.033333,1,64,1.1
374,300.0,130.0,184.0, PRDE,22169.0,60.0,369.483333,1,64,1.3
219,300.0,160.0,165.0, PRDE,26638.0,60.0,443.966667,1,64,1.5
876,300.0,131.0,157.0, PRDE,24332.0,60.0,405.533333,1,64,1.7
542,300.0,144.0,152.0, PRDE,19998.0,60.0,333.3,1,64,2.0
688,300.0,150.0,166.0, PRDE,17069.0,60.0,284.483333,1,128,0.0
325,300.0,161.0,188.0, PRDE,15791.0,60.0,263.183333,1,128,0.2
70,300.0,141.0,147.0, PRDE,25618.0,60.0,426.966667,1,128,0.4
513,300.0,142.0,171.0, PRDE,24675.0,60.0,411.25,1,128,0.6
541,300.0,153.0,161.0, PRDE,21280.0,60.0,354.666667,1,128,0.8
34,300.0,156.0,182.0, PRDE,14077.0,60.0,234.616667,1,128,1.1
768,300.0,172.0,175.0, PRDE,17449.0,60.0,290.816667,1,128,1.3
215,300.0,155.0,173.0, PRDE,27560.0,60.0,459.333333,1,128,1.5
521,300.0,154.0,168.0, PRDE,16468.0,60.0,274.466667,1,128,1.7
133,300.0,137.0,174.0, PRDE,19722.0,60.0,328.7,1,128,2.0
414,300.0,176.0,191.0, PRDE,23293.0,60.0,388.216667,1,256,0.0
494,300.0,168.0,174.0, PRDE,23588.0,60.0,393.133333,1,256,0.2
315,300.0,168.0,172.0, PRDE,17728.0,60.0,295.466667,1,256,0.4
248,300.0,151.0,153.0, PRDE,18408.0,60.0,306.8,1,256,0.6
547,300.0,156.0,198.0, PRDE,18847.0,60.0,314.116667,1,256,0.8
729,300.0,150.0,158.0, PRDE,19972.0,60.0,332.866667,1,256,1.1
229,300.0,128.0,137.0, PRDE,17720.0,60.0,295.333333,1,256,1.3
491,300.0,145.0,174.0, PRDE,18155.0,60.0,302.583333,1,256,1.5
43,300.0,133.0,184.0, PRDE,19159.0,60.0,319.316667,1,256,1.7
796,300.0,142.0,169.0, PRDE,25375.0,60.0,422.916667,1,256,2.0
746,300.0,133.0,152.0, PRDE,20343.0,60.0,339.05,1,512,0.0
717,300.0,121.0,174.0, PRDE,26944.0,60.0,449.066667,1,512,0.2
524,300.0,179.0,182.0, PRDE,26636.0,60.0,443.933333,1,512,0.4
787,300.0,132.0,168.0, PRDE,17210.0,60.0,286.833333,1,512,0.6
327,300.0,145.0,187.0, PRDE,21272.0,60.0,354.533333,1,512,0.8
638,300.0,165.0,175.0, PRDE,24103.0,60.0,401.716667,1,512,1.1
774,300.0,155.0,174.0, PRDE,17497.0,60.0,291.616667,1,512,1.3
474,300.0,132.0,193.0, PRDE,21514.0,60.0,358.566667,1,512,1.5
567,300.0,155.0,172.0, PRDE,19533.0,60.0,325.55,1,512,1.7
341,300.0,126.0,147.0, PRDE,22609.0,60.0,376.816667,1,512,2.0
375,300.0,174.0,180.0, PRDE,23089.0,60.0,384.816667,1,1024,0.0
126,300.0,142.0,185.0, PRDE,21242.0,60.0,354.033333,1,1024,0.2
200,300.0,146.0,184.0, PRDE,24906.0,60.0,415.1,1,1024,0.4
892,300.0,150.0,180.0, PRDE,20760.0,60.0,346.0,1,1024,0.6
210,300.0,144.0,186.0, PRDE,17765.0,60.0,296.083333,1,1024,0.8
136,300.0,176.0,188.0, PRDE,19698.0,60.0,328.3,1,1024,1.1
719,300.0,137.0,159.0, PRDE,23860.0,60.0,397.666667,1,1024,1.3
629,300.0,147.0,183.0, PRDE,19425.0,60.0,323.75,1,1024,1.5
152,300.0,143.0,161.0, PRDE,18551.0,60.0,309.183333,1,1024,1.7
95,300.0,142.0,171.0, PRDE,13322.0,60.0,222.033333,1,1024,2.0
865,300.0,124.0,154.0, PRDE,18387.0,60.0,306.45,2,4,0.0
412,300.0,151.0,190.0, PRDE,21609.0,60.0,360.15,2,4,0.2
413,300.0,146.0,196.0, PRDE,17596.0,60.0,293.266667,2,4,0.4
574,300.0,166.0,174.0, PRDE,23862.0,60.0,397.7,2,4,0.6
881,300.0,151.0,175.0, PRDE,20057.0,60.0,334.283333,2,4,0.8
844,300.0,139.0,186.0, PRDE,26074.0,60.0,434.566667,2,4,1.1
361,300.0,154.0,175.0, PRDE,15713.0,60.0,261.883333,2,4,1.3
299,300.0,154.0,161.0, PRDE,20335.0,60.0,338.916667,2,4,1.5
313,300.0,168.0,189.0, PRDE,25194.0,60.0,419.9,2,4,1.7
138,300.0,163.0,166.0, PRDE,18351.0,60.0,305.85,2,4,2.0
209,300.0,150.0,178.0, PRDE,18502.0,60.0,308.366667,2,8,0.0
445,300.0,148.0,151.0, PRDE,26935.0,60.0,448.916667,2,8,0.2
626,300.0,124.0,162.0, PRDE,19904.0,60.0,331.733333,2,8,0.4
838,300.0,138.0,154.0, PRDE,22097.0,60.0,368.283333,2,8,0.6
379,300.0,149.0,166.0, PRDE,13040.0,60.0,217.333333,2,8,0.8
465,300.0,140.0,177.0, PRDE,19329.0,60.0,322.15,2,8,1.1
683,300.0,153.0,166.0, PRDE,21199.0,60.0,353.316667,2,8,1.3
598,300.0,151.0,187.0, PRDE,18525.0,60.0,308.75,2,8,1.5
663,300.0,139.0,161.0, PRDE,17584.0,60.0,293.066667,2,8,1.7
129,300.0,151.0,187.0, PRDE,20008.0,60.0,333.466667,2,8,2.0
223,300.0,131.0,161.0, PRDE,21960.0,60.0,366.0,2,16,0.0
53,300.0,141.0,159.0, PRDE,18983.0,60.0,316.383333,2,16,0.2
457,300.0,150.0,203.0, PRDE,21089.0,60.0,351.483333,2,16,0.4
781,300.0,144.0,190.0, PRDE,25908.0,60.0,431.8,2,16,0.6
807,300.0,154.0,170.0, PRDE,20030.0,60.0,333.833333,2,16,0.8
655,300.0,156.0,172.0, PRDE,21055.0,60.0,350.916667,2,16,1.1
440,300.0,165.0,168.0, PRDE,18401.0,60.0,306.683333,2,16,1.3
644,300.0,164.0,177.0, PRDE,13496.0,60.0,224.933333,2,16,1.5
36,300.0,179.0,184.0, PRDE,21324.0,60.0,355.4,2,16,1.7
501,300.0,146.0,170.0, PRDE,25203.0,60.0,420.05,2,16,2.0
633,300.0,172.0,204.0, PRDE,24500.0,60.0,408.333333,2,32,0.0
380,300.0,159.0,180.0, PRDE,20056.0,60.0,334.266667,2,32,0.2
89,300.0,148.0,159.0, PRDE,24665.0,60.0,411.083333,2,32,0.4
726,300.0,145.0,185.0, PRDE,22241.0,60.0,370.683333,2,32,0.6
802,300.0,147.0,199.0, PRDE,18269.0,60.0,304.483333,2,32,0.8
169,300.0,150.0,177.0, PRDE,23265.0,60.0,387.75,2,32,1.1
604,300.0,155.0,159.0, PRDE,23848.0,60.0,397.466667,2,32,1.3
190,300.0,149.0,154.0, PRDE,16270.0,60.0,271.166667,2,32,1.5
429,300.0,164.0,172.0, PRDE,23465.0,60.0,391.083333,2,32,1.7
520,300.0,144.0,177.0, PRDE,20728.0,60.0,345.466667,2,32,2.0
516,300.0,134.0,161.0, PRDE,20900.0,60.0,348.333333,2,64,0.0
383,300.0,152.0,173.0, PRDE,21002.0,60.0,350.033333,2,64,0.2
563,300.0,177.0,230.0, PRDE,21934.0,60.0,365.566667,2,64,0.4
298,300.0,137.0,150.0, PRDE,19852.0,60.0,330.866667,2,64,0.6
87,300.0,154.0,178.0, PRDE,19101.0,60.0,318.35,2,64,0.8
28,300.0,141.0,155.0, PRDE,22351.0,60.0,372.516667,2,64,1.1
693,300.0,166.0,181.0, PRDE,22679.0,60.0,377.983333,2,64,1.3
249,300.0,157.0,179.0, PRDE,22492.0,60.0,374.866667,2,64,1.5
674,300.0,148.0,199.0, PRDE,20502.0,60.0,341.7,2,64,1.7
772,300.0,130.0,184.0, PRDE,21667.0,60.0,361.116667,2,64,2.0
562,300.0,134.0,146.0, PRDE,19630.0,60.0,327.166667,2,128,0.0
552,300.0,146.0,177.0, PRDE,21627.0,60.0,360.45,2,128,0.2
522,300.0,149.0,170.0, PRDE,20250.0,60.0,337.5,2,128,0.4
198,300.0,158.0,172.0, PRDE,15660.0,60.0,261.0,2,128,0.6
163,300.0,150.0,184.0, PRDE,18033.0,60.0,300.55,2,128,0.8
531,300.0,162.0,178.0, PRDE,18022.0,60.0,300.366667,2,128,1.1
275,300.0,149.0,183.0, PRDE,23828.0,60.0,397.133333,2,128,1.3
57,300.0,145.0,164.0, PRDE,18349.0,60.0,305.816667,2,128,1.5
346,300.0,172.0,190.0, PRDE,17588.0,60.0,293.133333,2,128,1.7
615,300.0,145.0,151.0, PRDE,24573.0,60.0,409.55,2,128,2.0
826,300.0,135.0,185.0, PRDE,23826.0,60.0,397.1,2,256,0.0
740,300.0,164.0,166.0, PRDE,15952.0,60.0,265.866667,2,256,0.2
467,300.0,148.0,188.0, PRDE,17863.0,60.0,297.716667,2,256,0.4
84,300.0,163.0,176.0, PRDE,21435.0,60.0,357.25,2,256,0.6
586,300.0,142.0,184.0, PRDE,24616.0,60.0,410.266667,2,256,0.8
535,300.0,139.0,165.0, PRDE,18329.0,60.0,305.483333,2,256,1.1
580,300.0,150.0,182.0, PRDE,19199.0,60.0,319.983333,2,256,1.3
554,300.0,156.0,169.0, PRDE,16399.0,60.0,273.316667,2,256,1.5
846,300.0,176.0,201.0, PRDE,18586.0,60.0,309.766667,2,256,1.7
738,300.0,151.0,172.0, PRDE,15696.0,60.0,261.6,2,256,2.0
725,300.0,129.0,162.0, PRDE,21615.0,60.0,360.25,2,512,0.0
478,300.0,145.0,150.0, PRDE,25954.0,60.0,432.566667,2,512,0.2
466,300.0,155.0,170.0, PRDE,18984.0,60.0,316.4,2,512,0.4
125,300.0,141.0,170.0, PRDE,23993.0,60.0,399.883333,2,512,0.6
358,300.0,143.0,151.0, PRDE,21552.0,60.0,359.2,2,512,0.8
304,300.0,163.0,178.0, PRDE,15105.0,60.0,251.75,2,512,1.1
581,300.0,149.0,168.0, PRDE,20794.0,60.0,346.566667,2,512,1.3
577,300.0,150.0,169.0, PRDE,26498.0,60.0,441.633333,2,512,1.5
861,300.0,167.0,172.0, PRDE,28487.0,60.0,474.783333,2,512,1.7
859,300.0,148.0,151.0, PRDE,23837.0,60.0,397.283333,2,512,2.0
388,300.0,152.0,208.0, PRDE,21034.0,60.0,350.566667,2,1024,0.0
635,300.0,146.0,181.0, PRDE,23666.0,60.0,394.433333,2,1024,0.2
64,300.0,159.0,163.0, PRDE,19183.0,60.0,319.716667,2,1024,0.4
232,300.0,155.0,176.0, PRDE,19040.0,60.0,317.333333,2,1024,0.6
493,300.0,151.0,193.0, PRDE,21585.0,60.0,359.75,2,1024,0.8
443,300.0,156.0,168.0, PRDE,16510.0,60.0,275.166667,2,1024,1.1
891,300.0,148.0,154.0, PRDE,14770.0,60.0,246.166667,2,1024,1.3
221,300.0,133.0,173.0, PRDE,23229.0,60.0,387.15,2,1024,1.5
27,300.0,153.0,172.0, PRDE,19057.0,60.0,317.616667,2,1024,1.7
625,300.0,159.0,180.0, PRDE,20312.0,60.0,338.533333,2,1024,2.0
182,300.0,159.0,179.0, PRDE,24624.0,60.0,410.4,3,4,0.0
630,300.0,139.0,202.0, PRDE,24343.0,60.0,405.716667,3,4,0.2
410,300.0,149.0,177.0, PRDE,19671.0,60.0,327.85,3,4,0.4
585,300.0,136.0,172.0, PRDE,20527.0,60.0,342.116667,3,4,0.6
798,300.0,139.0,162.0, PRDE,24334.0,60.0,405.566667,3,4,0.8
592,300.0,158.0,172.0, PRDE,23670.0,60.0,394.5,3,4,1.1
74,300.0,139.0,166.0, PRDE,20082.0,60.0,334.7,3,4,1.3
704,300.0,138.0,157.0, PRDE,19815.0,60.0,330.25,3,4,1.5
49,300.0,158.0,195.0, PRDE,23863.0,60.0,397.716667,3,4,1.7
260,300.0,142.0,186.0, PRDE,19030.0,60.0,317.166667,3,4,2.0
667,300.0,148.0,176.0, PRDE,21304.0,60.0,355.066667,3,8,0.0
433,300.0,149.0,165.0, PRDE,15671.0,60.0,261.183333,3,8,0.2
14,300.0,148.0,194.0, PRDE,20039.0,60.0,333.983333,3,8,0.4
401,300.0,150.0,177.0, PRDE,22705.0,60.0,378.416667,3,8,0.6
716,300.0,128.0,168.0, PRDE,19784.0,60.0,329.733333,3,8,0.8
224,300.0,178.0,202.0, PRDE,19247.0,60.0,320.783333,3,8,1.1
544,300.0,165.0,182.0, PRDE,17512.0,60.0,291.866667,3,8,1.3
858,300.0,144.0,208.0, PRDE,20439.0,60.0,340.65,3,8,1.5
287,300.0,139.0,167.0, PRDE,23391.0,60.0,389.85,3,8,1.7
236,300.0,131.0,176.0, PRDE,19324.0,60.0,322.066667,3,8,2.0
46,300.0,149.0,189.0, PRDE,20933.0,60.0,348.883333,3,16,0.0
456,300.0,169.0,179.0, PRDE,20028.0,60.0,333.8,3,16,0.2
93,300.0,153.0,168.0, PRDE,16452.0,60.0,274.2,3,16,0.4
289,300.0,140.0,154.0, PRDE,23757.0,60.0,395.95,3,16,0.6
177,300.0,147.0,178.0, PRDE,21686.0,60.0,361.433333,3,16,0.8
878,300.0,143.0,148.0, PRDE,25178.0,60.0,419.633333,3,16,1.1
568,300.0,135.0,165.0, PRDE,24448.0,60.0,407.466667,3,16,1.3
617,300.0,140.0,172.0, PRDE,27518.0,60.0,458.633333,3,16,1.5
306,300.0,142.0,155.0, PRDE,26186.0,60.0,436.433333,3,16,1.7
659,300.0,150.0,185.0, PRDE,27952.0,60.0,465.866667,3,16,2.0
736,300.0,142.0,161.0, PRDE,17961.0,60.0,299.35,3,32,0.0
339,300.0,139.0,168.0, PRDE,21742.0,60.0,362.366667,3,32,0.2
267,300.0,128.0,140.0, PRDE,25608.0,60.0,426.8,3,32,0.4
157,300.0,158.0,170.0, PRDE,14913.0,60.0,248.55,3,32,0.6
11,300.0,151.0,167.0, PRDE,18877.0,60.0,314.616667,3,32,0.8
490,300.0,176.0,187.0, PRDE,17483.0,60.0,291.383333,3,32,1.1
609,300.0,150.0,152.0, PRDE,20820.0,60.0,347.0,3,32,1.3
842,300.0,148.0,182.0, PRDE,18543.0,60.0,309.05,3,32,1.5
419,300.0,180.0,198.0, PRDE,25281.0,60.0,421.35,3,32,1.7
257,300.0,140.0,149.0, PRDE,20916.0,60.0,348.6,3,32,2.0
884,300.0,152.0,167.0, PRDE,22560.0,60.0,376.0,3,64,0.0
860,300.0,134.0,143.0, PRDE,20047.0,60.0,334.116667,3,64,0.2
92,300.0,144.0,174.0, PRDE,26404.0,60.0,440.066667,3,64,0.4
175,300.0,133.0,190.0, PRDE,19958.0,60.0,332.633333,3,64,0.6
657,300.0,185.0,202.0, PRDE,23171.0,60.0,386.183333,3,64,0.8
284,300.0,159.0,162.0, PRDE,26083.0,60.0,434.716667,3,64,1.1
621,300.0,145.0,149.0, PRDE,17765.0,60.0,296.083333,3,64,1.3
270,300.0,150.0,179.0, PRDE,17138.0,60.0,285.633333,3,64,1.5
528,300.0,143.0,201.0, PRDE,22801.0,60.0,380.016667,3,64,1.7
646,300.0,147.0,177.0, PRDE,18122.0,60.0,302.033333,3,64,2.0
381,300.0,156.0,189.0, PRDE,19395.0,60.0,323.25,3,128,0.0
763,300.0,170.0,187.0, PRDE,23987.0,60.0,399.783333,3,128,0.2
845,300.0,131.0,193.0, PRDE,22040.0,60.0,367.333333,3,128,0.4
338,300.0,139.0,189.0, PRDE,26514.0,60.0,441.9,3,128,0.6
682,300.0,142.0,170.0, PRDE,20892.0,60.0,348.2,3,128,0.8
435,300.0,154.0,161.0, PRDE,22104.0,60.0,368.4,3,128,1.1
17,300.0,138.0,188.0, PRDE,23038.0,60.0,383.966667,3,128,1.3
45,300.0,140.0,180.0, PRDE,24213.0,60.0,403.55,3,128,1.5
666,300.0,139.0,171.0, PRDE,20463.0,60.0,341.05,3,128,1.7
779,300.0,137.0,172.0, PRDE,19591.0,60.0,326.516667,3,128,2.0
743,300.0,146.0,192.0, PRDE,17642.0,60.0,294.033333,3,256,0.0
360,300.0,161.0,177.0, PRDE,18041.0,60.0,300.683333,3,256,0.2
195,300.0,147.0,183.0, PRDE,23695.0,60.0,394.916667,3,256,0.4
507,300.0,158.0,193.0, PRDE,11973.0,60.0,199.55,3,256,0.6
88,300.0,156.0,172.0, PRDE,13069.0,60.0,217.816667,3,256,0.8
278,300.0,134.0,186.0, PRDE,23753.0,60.0,395.883333,3,256,1.1
459,300.0,147.0,171.0, PRDE,27084.0,60.0,451.4,3,256,1.3
558,300.0,144.0,160.0, PRDE,23631.0,60.0,393.85,3,256,1.5
880,300.0,164.0,175.0, PRDE,16504.0,60.0,275.066667,3,256,1.7
364,300.0,153.0,172.0, PRDE,25435.0,60.0,423.916667,3,256,2.0
171,300.0,145.0,225.0, PRDE,23514.0,60.0,391.9,3,512,0.0
378,300.0,161.0,174.0, PRDE,22156.0,60.0,369.266667,3,512,0.2
20,300.0,144.0,169.0, PRDE,20756.0,60.0,345.933333,3,512,0.4
406,300.0,149.0,187.0, PRDE,18643.0,60.0,310.716667,3,512,0.6
426,300.0,136.0,167.0, PRDE,24765.0,60.0,412.75,3,512,0.8
85,300.0,151.0,167.0, PRDE,13444.0,60.0,224.066667,3,512,1.1
872,300.0,172.0,192.0, PRDE,16094.0,60.0,268.233333,3,512,1.3
303,300.0,175.0,192.0, PRDE,20736.0,60.0,345.6,3,512,1.5
256,300.0,144.0,167.0, PRDE,22269.0,60.0,371.15,3,512,1.7
778,300.0,147.0,167.0, PRDE,13484.0,60.0,224.733333,3,512,2.0
170,300.0,145.0,149.0, PRDE,23391.0,60.0,389.85,3,1024,0.0
151,300.0,136.0,155.0, PRDE,22644.0,60.0,377.4,3,1024,0.2
564,300.0,160.0,181.0, PRDE,18731.0,60.0,312.183333,3,1024,0.4
290,300.0,149.0,170.0, PRDE,19029.0,60.0,317.15,3,1024,0.6
318,300.0,173.0,190.0, PRDE,21885.0,60.0,364.75,3,1024,0.8
645,300.0,146.0,183.0, PRDE,22255.0,60.0,370.916667,3,1024,1.1
618,300.0,144.0,179.0, PRDE,22237.0,60.0,370.616667,3,1024,1.3
670,300.0,161.0,166.0, PRDE,16154.0,60.0,269.233333,3,1024,1.5
711,300.0,140.0,156.0, PRDE,20485.0,60.0,341.416667,3,1024,1.7
470,300.0,161.0,163.0, PRDE,22526.0,60.0,375.433333,3,1024,2.0
856,300.0,141.0,163.0, PRDE,18907.0,60.0,315.116667,4,4,0.0
792,300.0,151.0,165.0, PRDE,20032.0,60.0,333.866667,4,4,0.2
404,300.0,137.0,191.0, PRDE,21586.0,60.0,359.766667,4,4,0.4
58,300.0,154.0,178.0, PRDE,18598.0,60.0,309.966667,4,4,0.6
647,300.0,146.0,196.0, PRDE,16237.0,60.0,270.616667,4,4,0.8
21,300.0,156.0,168.0, PRDE,23274.0,60.0,387.9,4,4,1.1
515,300.0,157.0,165.0, PRDE,23027.0,60.0,383.783333,4,4,1.3
384,300.0,153.0,165.0, PRDE,23062.0,60.0,384.366667,4,4,1.5
194,300.0,137.0,145.0, PRDE,25173.0,60.0,419.55,4,4,1.7
559,300.0,155.0,173.0, PRDE,13232.0,60.0,220.533333,4,4,2.0
828,300.0,140.0,168.0, PRDE,19871.0,60.0,331.183333,4,8,0.0
809,300.0,133.0,177.0, PRDE,24551.0,60.0,409.183333,4,8,0.2
155,300.0,144.0,162.0, PRDE,18276.0,60.0,304.6,4,8,0.4
39,300.0,126.0,160.0, PRDE,19924.0,60.0,332.066667,4,8,0.6
897,300.0,138.0,155.0, PRDE,24228.0,60.0,403.8,4,8,0.8
709,300.0,154.0,183.0, PRDE,22946.0,60.0,382.433333,4,8,1.1
261,300.0,169.0,170.0, PRDE,22582.0,60.0,376.366667,4,8,1.3
122,300.0,132.0,178.0, PRDE,19546.0,60.0,325.766667,4,8,1.5
336,300.0,154.0,165.0, PRDE,21032.0,60.0,350.533333,4,8,1.7
296,300.0,151.0,163.0, PRDE,18843.0,60.0,314.05,4,8,2.0
767,300.0,151.0,184.0, PRDE,17167.0,60.0,286.116667,4,16,0.0
566,300.0,145.0,150.0, PRDE,21393.0,60.0,356.55,4,16,0.2
246,300.0,166.0,170.0, PRDE,20497.0,60.0,341.616667,4,16,0.4
817,300.0,169.0,179.0, PRDE,18490.0,60.0,308.166667,4,16,0.6
847,300.0,153.0,191.0, PRDE,23809.0,60.0,396.816667,4,16,0.8
344,300.0,161.0,178.0, PRDE,23764.0,60.0,396.066667,4,16,1.1
168,300.0,155.0,182.0, PRDE,17856.0,60.0,297.6,4,16,1.3
242,300.0,157.0,180.0, PRDE,18092.0,60.0,301.533333,4,16,1.5
669,300.0,173.0,208.0, PRDE,18396.0,60.0,306.6,4,16,1.7
479,300.0,161.0,172.0, PRDE,19010.0,60.0,316.833333,4,16,2.0
271,300.0,145.0,176.0, PRDE,17826.0,60.0,297.1,4,32,0.0
181,300.0,143.0,156.0, PRDE,20827.0,60.0,347.116667,4,32,0.2
48,300.0,163.0,182.0, PRDE,23119.0,60.0,385.316667,4,32,0.4
517,300.0,132.0,134.0, PRDE,22411.0,60.0,373.516667,4,32,0.6
715,300.0,159.0,176.0, PRDE,20972.0,60.0,349.533333,4,32,0.8
662,300.0,169.0,214.0, PRDE,23271.0,60.0,387.85,4,32,1.1
473,300.0,151.0,183.0, PRDE,25844.0,60.0,430.733333,4,32,1.3
851,300.0,148.0,196.0, PRDE,19511.0,60.0,325.183333,4,32,1.5
530,300.0,152.0,166.0, PRDE,21081.0,60.0,351.35,4,32,1.7
141,300.0,165.0,177.0, PRDE,15042.0,60.0,250.7,4,32,2.0
333,300.0,150.0,182.0, PRDE,19764.0,60.0,329.4,4,64,0.0
837,300.0,144.0,194.0, PRDE,27058.0,60.0,450.966667,4,64,0.2
166,300.0,140.0,167.0, PRDE,17735.0,60.0,295.583333,4,64,0.4
508,300.0,126.0,128.0, PRDE,26728.0,60.0,445.466667,4,64,0.6
55,300.0,154.0,163.0, PRDE,17824.0,60.0,297.066667,4,64,0.8
721,300.0,149.0,159.0, PRDE,24268.0,60.0,404.466667,4,64,1.1
678,300.0,119.0,189.0, PRDE,23756.0,60.0,395.933333,4,64,1.3
556,300.0,167.0,170.0, PRDE,22504.0,60.0,375.066667,4,64,1.5
561,300.0,148.0,182.0, PRDE,18674.0,60.0,311.233333,4,64,1.7
108,300.0,131.0,198.0, PRDE,22863.0,60.0,381.05,4,64,2.0
231,300.0,145.0,156.0, PRDE,20197.0,60.0,336.616667,4,128,0.0
220,300.0,135.0,165.0, PRDE,20754.0,60.0,345.9,4,128,0.2
239,300.0,142.0,151.0, PRDE,20944.0,60.0,349.066667,4,128,0.4
253,300.0,146.0,164.0, PRDE,24267.0,60.0,404.45,4,128,0.6
822,300.0,151.0,187.0, PRDE,20165.0,60.0,336.083333,4,128,0.8
240,300.0,154.0,198.0, PRDE,20899.0,60.0,348.316667,4,128,1.1
742,300.0,162.0,196.0, PRDE,23295.0,60.0,388.25,4,128,1.3
373,300.0,135.0,201.0, PRDE,24721.0,60.0,412.016667,4,128,1.5
113,300.0,142.0,171.0, PRDE,15793.0,60.0,263.216667,4,128,1.7
879,300.0,152.0,189.0, PRDE,20037.0,60.0,333.95,4,128,2.0
285,300.0,127.0,145.0, PRDE,22326.0,60.0,372.1,4,256,0.0
201,300.0,155.0,171.0, PRDE,22702.0,60.0,378.366667,4,256,0.2
276,300.0,145.0,176.0, PRDE,21168.0,60.0,352.8,4,256,0.4
208,300.0,131.0,154.0, PRDE,13214.0,60.0,220.233333,4,256,0.6
47,300.0,148.0,180.0, PRDE,18251.0,60.0,304.183333,4,256,0.8
305,300.0,138.0,156.0, PRDE,24157.0,60.0,402.616667,4,256,1.1
745,300.0,138.0,178.0, PRDE,18462.0,60.0,307.7,4,256,1.3
237,300.0,149.0,179.0, PRDE,17915.0,60.0,298.583333,4,256,1.5
610,300.0,149.0,159.0, PRDE,19978.0,60.0,332.966667,4,256,1.7
896,300.0,148.0,178.0, PRDE,21033.0,60.0,350.55,4,256,2.0
898,300.0,147.0,199.0, PRDE,21088.0,60.0,351.466667,4,512,0.0
59,300.0,135.0,160.0, PRDE,20729.0,60.0,345.483333,4,512,0.2
202,300.0,123.0,180.0, PRDE,18030.0,60.0,300.5,4,512,0.4
387,300.0,139.0,145.0, PRDE,24987.0,60.0,416.45,4,512,0.6
145,300.0,158.0,178.0, PRDE,16850.0,60.0,280.833333,4,512,0.8
511,300.0,131.0,158.0, PRDE,20126.0,60.0,335.433333,4,512,1.1
347,300.0,127.0,192.0, PRDE,24345.0,60.0,405.75,4,512,1.3
697,300.0,136.0,172.0, PRDE,17660.0,60.0,294.333333,4,512,1.5
112,300.0,144.0,177.0, PRDE,22455.0,60.0,374.25,4,512,1.7
533,300.0,149.0,184.0, PRDE,21338.0,60.0,355.633333,4,512,2.0
651,300.0,129.0,209.0, PRDE,20361.0,60.0,339.35,4,1024,0.0
444,300.0,148.0,151.0, PRDE,22173.0,60.0,369.55,4,1024,0.2
314,300.0,155.0,175.0, PRDE,15257.0,60.0,254.283333,4,1024,0.4
110,300.0,130.0,168.0, PRDE,21952.0,60.0,365.866667,4,1024,0.6
665,300.0,134.0,176.0, PRDE,21959.0,60.0,365.983333,4,1024,0.8
529,300.0,132.0,182.0, PRDE,22311.0,60.0,371.85,4,1024,1.1
362,300.0,159.0,199.0, PRDE,21829.0,60.0,363.816667,4,1024,1.3
33,300.0,155.0,179.0, PRDE,19273.0,60.0,321.216667,4,1024,1.5
482,300.0,146.0,193.0, PRDE,20181.0,60.0,336.35,4,1024,1.7
545,300.0,146.0,165.0, PRDE,25624.0,60.0,427.066667,4,1024,2.0
294,300.0,142.0,172.0, PRDE,19968.0,60.0,332.8,5,4,0.0
805,300.0,148.0,182.0, PRDE,14156.0,60.0,235.933333,5,4,0.2
764,300.0,180.0,197.0, PRDE,24188.0,60.0,403.133333,5,4,0.4
286,300.0,161.0,196.0, PRDE,19807.0,60.0,330.116667,5,4,0.6
68,300.0,146.0,170.0, PRDE,18869.0,60.0,314.483333,5,4,0.8
527,300.0,153.0,184.0, PRDE,26031.0,60.0,433.85,5,4,1.1
748,300.0,179.0,186.0, PRDE,23933.0,60.0,398.883333,5,4,1.3
760,300.0,138.0,185.0, PRDE,18501.0,60.0,308.35,5,4,1.5
79,300.0,145.0,190.0, PRDE,14654.0,60.0,244.233333,5,4,1.7
840,300.0,151.0,178.0, PRDE,18334.0,60.0,305.566667,5,4,2.0
183,300.0,150.0,176.0, PRDE,27096.0,60.0,451.6,5,8,0.0
572,300.0,155.0,176.0, PRDE,18199.0,60.0,303.316667,5,8,0.2
397,300.0,188.0,211.0, PRDE,22772.0,60.0,379.533333,5,8,0.4
505,300.0,158.0,180.0, PRDE,16130.0,60.0,268.833333,5,8,0.6
391,300.0,164.0,172.0, PRDE,20576.0,60.0,342.933333,5,8,0.8
225,300.0,154.0,198.0, PRDE,11168.0,60.0,186.133333,5,8,1.1
684,300.0,139.0,151.0, PRDE,23540.0,60.0,392.333333,5,8,1.3
737,300.0,153.0,163.0, PRDE,27096.0,60.0,451.6,5,8,1.5
332,300.0,126.0,132.0, PRDE,20090.0,60.0,334.833333,5,8,1.7
432,300.0,151.0,194.0, PRDE,21659.0,60.0,360.983333,5,8,2.0
784,300.0,153.0,176.0, PRDE,18188.0,60.0,303.133333,5,16,0.0
607,300.0,154.0,162.0, PRDE,17447.0,60.0,290.783333,5,16,0.2
624,300.0,157.0,167.0, PRDE,21844.0,60.0,364.066667,5,16,0.4
789,300.0,164.0,185.0, PRDE,19212.0,60.0,320.2,5,16,0.6
103,300.0,151.0,194.0, PRDE,24406.0,60.0,406.766667,5,16,0.8
83,300.0,129.0,174.0, PRDE,26137.0,60.0,435.616667,5,16,1.1
218,300.0,159.0,172.0, PRDE,24459.0,60.0,407.65,5,16,1.3
37,300.0,156.0,187.0, PRDE,23531.0,60.0,392.183333,5,16,1.5
584,300.0,141.0,180.0, PRDE,16889.0,60.0,281.483333,5,16,1.7
116,300.0,145.0,184.0, PRDE,23600.0,60.0,393.333333,5,16,2.0
417,300.0,155.0,168.0, PRDE,15155.0,60.0,252.583333,5,32,0.0
686,300.0,143.0,186.0, PRDE,17317.0,60.0,288.616667,5,32,0.2
874,300.0,156.0,169.0, PRDE,23212.0,60.0,386.866667,5,32,0.4
447,300.0,143.0,185.0, PRDE,21634.0,60.0,360.566667,5,32,0.6
703,300.0,136.0,175.0, PRDE,25303.0,60.0,421.716667,5,32,0.8
503,300.0,157.0,162.0, PRDE,20021.0,60.0,333.683333,5,32,1.1
853,300.0,132.0,139.0, PRDE,25619.0,60.0,426.983333,5,32,1.3
390,300.0,165.0,167.0, PRDE,24698.0,60.0,411.633333,5,32,1.5
154,300.0,134.0,198.0, PRDE,17555.0,60.0,292.583333,5,32,1.7
735,300.0,151.0,158.0, PRDE,19026.0,60.0,317.1,5,32,2.0
671,300.0,153.0,162.0, PRDE,18473.0,60.0,307.883333,5,64,0.0
628,300.0,149.0,178.0, PRDE,25565.0,60.0,426.083333,5,64,0.2
124,300.0,144.0,181.0, PRDE,20386.0,60.0,339.766667,5,64,0.4
551,300.0,131.0,165.0, PRDE,21191.0,60.0,353.183333,5,64,0.6
893,300.0,142.0,182.0, PRDE,13494.0,60.0,224.9,5,64,0.8
583,300.0,139.0,187.0, PRDE,19162.0,60.0,319.366667,5,64,1.1
186,300.0,149.0,164.0, PRDE,21476.0,60.0,357.933333,5,64,1.3
274,300.0,134.0,147.0, PRDE,19891.0,60.0,331.516667,5,64,1.5
77,300.0,179.0,191.0, PRDE,25482.0,60.0,424.7,5,64,1.7
288,300.0,149.0,163.0, PRDE,24321.0,60.0,405.35,5,64,2.0
534,300.0,144.0,173.0, PRDE,18535.0,60.0,308.916667,5,128,0.0
82,300.0,175.0,203.0, PRDE,19894.0,60.0,331.566667,5,128,0.2
823,300.0,169.0,199.0, PRDE,21118.0,60.0,351.966667,5,128,0.4
86,300.0,160.0,174.0, PRDE,22853.0,60.0,380.883333,5,128,0.6
812,300.0,156.0,162.0, PRDE,16002.0,60.0,266.7,5,128,0.8
217,300.0,144.0,191.0, PRDE,20216.0,60.0,336.933333,5,128,1.1
504,300.0,143.0,198.0, PRDE,25573.0,60.0,426.216667,5,128,1.3
889,300.0,158.0,162.0, PRDE,23016.0,60.0,383.6,5,128,1.5
234,300.0,151.0,168.0, PRDE,23474.0,60.0,391.233333,5,128,1.7
104,300.0,136.0,145.0, PRDE,18669.0,60.0,311.15,5,128,2.0
389,300.0,140.0,181.0, PRDE,19944.0,60.0,332.4,5,256,0.0
593,300.0,137.0,164.0, PRDE,23277.0,60.0,387.95,5,256,0.2
334,300.0,135.0,169.0, PRDE,20414.0,60.0,340.233333,5,256,0.4
212,300.0,151.0,199.0, PRDE,23962.0,60.0,399.366667,5,256,0.6
164,300.0,163.0,170.0, PRDE,24711.0,60.0,411.85,5,256,0.8
834,300.0,143.0,166.0, PRDE,21621.0,60.0,360.35,5,256,1.1
765,300.0,138.0,146.0, PRDE,22669.0,60.0,377.816667,5,256,1.3
497,300.0,162.0,171.0, PRDE,19983.0,60.0,333.05,5,256,1.5
144,300.0,163.0,181.0, PRDE,19567.0,60.0,326.116667,5,256,1.7
731,300.0,129.0,151.0, PRDE,20080.0,60.0,334.666667,5,256,2.0
140,300.0,138.0,175.0, PRDE,20743.0,60.0,345.716667,5,512,0.0
756,300.0,169.0,188.0, PRDE,17610.0,60.0,293.5,5,512,0.2
94,300.0,139.0,176.0, PRDE,18336.0,60.0,305.6,5,512,0.4
776,300.0,128.0,183.0, PRDE,18122.0,60.0,302.033333,5,512,0.6
681,300.0,133.0,165.0, PRDE,23508.0,60.0,391.8,5,512,0.8
120,300.0,144.0,176.0, PRDE,22392.0,60.0,373.2,5,512,1.1
241,300.0,154.0,212.0, PRDE,23972.0,60.0,399.533333,5,512,1.3
660,300.0,191.0,199.0, PRDE,17055.0,60.0,284.25,5,512,1.5
613,300.0,139.0,179.0, PRDE,18733.0,60.0,312.216667,5,512,1.7
603,300.0,143.0,147.0, PRDE,18193.0,60.0,303.216667,5,512,2.0
230,300.0,145.0,171.0, PRDE,19331.0,60.0,322.183333,5,1024,0.0
441,300.0,150.0,176.0, PRDE,18353.0,60.0,305.883333,5,1024,0.2
367,300.0,150.0,164.0, PRDE,17128.0,60.0,285.466667,5,1024,0.4
80,300.0,169.0,173.0, PRDE,19188.0,60.0,319.8,5,1024,0.6
579,300.0,127.0,128.0, PRDE,24491.0,60.0,408.183333,5,1024,0.8
385,300.0,142.0,182.0, PRDE,23268.0,60.0,387.8,5,1024,1.1
107,300.0,132.0,178.0, PRDE,21977.0,60.0,366.283333,5,1024,1.3
820,300.0,152.0,167.0, PRDE,25174.0,60.0,419.566667,5,1024,1.5
100,300.0,142.0,154.0, PRDE,17808.0,60.0,296.8,5,1024,1.7
349,300.0,169.0,177.0, PRDE,15643.0,60.0,260.716667,5,1024,2.0
620,300.0,165.0,181.0, PRDE,19310.0,60.0,321.833333,6,4,0.0
326,300.0,157.0,165.0, PRDE,17349.0,60.0,289.15,6,4,0.2
460,300.0,142.0,161.0, PRDE,17553.0,60.0,292.55,6,4,0.4
753,300.0,143.0,167.0, PRDE,15982.0,60.0,266.366667,6,4,0.6
488,300.0,156.0,157.0, PRDE,22194.0,60.0,369.9,6,4,0.8
132,300.0,149.0,184.0, PRDE,19962.0,60.0,332.7,6,4,1.1
475,300.0,167.0,184.0, PRDE,19562.0,60.0,326.033333,6,4,1.3
205,300.0,145.0,168.0, PRDE,22447.0,60.0,374.116667,6,4,1.5
281,300.0,158.0,176.0, PRDE,18248.0,60.0,304.133333,6,4,1.7
532,300.0,155.0,185.0, PRDE,22368.0,60.0,372.8,6,4,2.0
99,300.0,137.0,195.0, PRDE,22081.0,60.0,368.016667,6,8,0.0
813,300.0,140.0,150.0, PRDE,18829.0,60.0,313.816667,6,8,0.2
293,300.0,151.0,170.0, PRDE,20104.0,60.0,335.066667,6,8,0.4
135,300.0,140.0,176.0, PRDE,20213.0,60.0,336.883333,6,8,0.6
160,300.0,124.0,172.0, PRDE,18932.0,60.0,315.533333,6,8,0.8
706,300.0,159.0,179.0, PRDE,17269.0,60.0,287.816667,6,8,1.1
841,300.0,136.0,179.0, PRDE,15783.0,60.0,263.05,6,8,1.3
359,300.0,148.0,175.0, PRDE,17202.0,60.0,286.7,6,8,1.5
324,300.0,131.0,159.0, PRDE,18287.0,60.0,304.783333,6,8,1.7
599,300.0,130.0,166.0, PRDE,19793.0,60.0,329.883333,6,8,2.0
698,300.0,131.0,188.0, PRDE,17932.0,60.0,298.866667,6,16,0.0
499,300.0,137.0,198.0, PRDE,27113.0,60.0,451.883333,6,16,0.2
262,300.0,161.0,173.0, PRDE,20030.0,60.0,333.833333,6,16,0.4
265,300.0,155.0,190.0, PRDE,18879.0,60.0,314.65,6,16,0.6
832,300.0,124.0,182.0, PRDE,22404.0,60.0,373.4,6,16,0.8
211,300.0,153.0,179.0, PRDE,18612.0,60.0,310.2,6,16,1.1
61,300.0,113.0,170.0, PRDE,21102.0,60.0,351.7,6,16,1.3
165,300.0,171.0,175.0, PRDE,20983.0,60.0,349.716667,6,16,1.5
16,300.0,151.0,179.0, PRDE,20548.0,60.0,342.466667,6,16,1.7
864,300.0,168.0,174.0, PRDE,23318.0,60.0,388.633333,6,16,2.0
766,300.0,140.0,167.0, PRDE,20278.0,60.0,337.966667,6,32,0.0
608,300.0,151.0,174.0, PRDE,23419.0,60.0,390.316667,6,32,0.2
496,300.0,134.0,162.0, PRDE,20958.0,60.0,349.3,6,32,0.4
423,300.0,141.0,159.0, PRDE,17420.0,60.0,290.333333,6,32,0.6
65,300.0,131.0,195.0, PRDE,21028.0,60.0,350.466667,6,32,0.8
862,300.0,155.0,171.0, PRDE,16057.0,60.0,267.616667,6,32,1.1
35,300.0,138.0,165.0, PRDE,15981.0,60.0,266.35,6,32,1.3
612,300.0,166.0,168.0, PRDE,23940.0,60.0,399.0,6,32,1.5
352,300.0,148.0,158.0, PRDE,19076.0,60.0,317.933333,6,32,1.7
337,300.0,154.0,155.0, PRDE,20922.0,60.0,348.7,6,32,2.0
675,300.0,139.0,172.0, PRDE,20711.0,60.0,345.183333,6,64,0.0
455,300.0,142.0,183.0, PRDE,24066.0,60.0,401.1,6,64,0.2
855,300.0,132.0,172.0, PRDE,23079.0,60.0,384.65,6,64,0.4
777,300.0,169.0,191.0, PRDE,17062.0,60.0,284.366667,6,64,0.6
587,300.0,132.0,155.0, PRDE,21239.0,60.0,353.983333,6,64,0.8
392,300.0,160.0,161.0, PRDE,22782.0,60.0,379.7,6,64,1.1
128,300.0,170.0,171.0, PRDE,21352.0,60.0,355.866667,6,64,1.3
514,300.0,174.0,183.0, PRDE,18885.0,60.0,314.75,6,64,1.5
476,300.0,151.0,181.0, PRDE,19888.0,60.0,331.466667,6,64,1.7
235,300.0,148.0,187.0, PRDE,21348.0,60.0,355.8,6,64,2.0
623,300.0,132.0,168.0, PRDE,24605.0,60.0,410.083333,6,128,0.0
486,300.0,134.0,189.0, PRDE,24259.0,60.0,404.316667,6,128,0.2
771,300.0,155.0,175.0, PRDE,21578.0,60.0,359.633333,6,128,0.4
415,300.0,161.0,162.0, PRDE,18588.0,60.0,309.8,6,128,0.6
803,300.0,140.0,149.0, PRDE,22134.0,60.0,368.9,6,128,0.8
710,300.0,147.0,174.0, PRDE,21510.0,60.0,358.5,6,128,1.1
101,300.0,141.0,182.0, PRDE,23860.0,60.0,397.666667,6,128,1.3
343,300.0,159.0,172.0, PRDE,19534.0,60.0,325.566667,6,128,1.5
395,300.0,170.0,207.0, PRDE,22790.0,60.0,379.833333,6,128,1.7
50,300.0,144.0,154.0, PRDE,19589.0,60.0,326.483333,6,128,2.0
365,300.0,147.0,165.0, PRDE,18478.0,60.0,307.966667,6,256,0.0
702,300.0,148.0,167.0, PRDE,21595.0,60.0,359.916667,6,256,0.2
691,300.0,142.0,168.0, PRDE,25044.0,60.0,417.4,6,256,0.4
700,300.0,130.0,172.0, PRDE,25024.0,60.0,417.066667,6,256,0.6
597,300.0,156.0,188.0, PRDE,15613.0,60.0,260.216667,6,256,0.8
883,300.0,160.0,161.0, PRDE,23324.0,60.0,388.733333,6,256,1.1
814,300.0,137.0,192.0, PRDE,21352.0,60.0,355.866667,6,256,1.3
526,300.0,130.0,182.0, PRDE,17209.0,60.0,286.816667,6,256,1.5
3,300.0,154.0,175.0, PRDE,16021.0,60.0,267.016667,6,256,1.7
97,300.0,151.0,172.0, PRDE,17758.0,60.0,295.966667,6,256,2.0
114,300.0,141.0,162.0, PRDE,14741.0,60.0,245.683333,6,512,0.0
308,300.0,156.0,160.0, PRDE,23520.0,60.0,392.0,6,512,0.2
161,300.0,144.0,153.0, PRDE,20073.0,60.0,334.55,6,512,0.4
173,300.0,168.0,179.0, PRDE,23672.0,60.0,394.533333,6,512,0.6
614,300.0,162.0,193.0, PRDE,17823.0,60.0,297.05,6,512,0.8
191,300.0,145.0,169.0, PRDE,20852.0,60.0,347.533333,6,512,1.1
75,300.0,148.0,197.0, PRDE,23580.0,60.0,393.0,6,512,1.3
350,300.0,141.0,171.0, PRDE,24907.0,60.0,415.116667,6,512,1.5
769,300.0,158.0,175.0, PRDE,14806.0,60.0,246.766667,6,512,1.7
518,300.0,137.0,187.0, PRDE,15665.0,60.0,261.083333,6,512,2.0
758,300.0,176.0,210.0, PRDE,23468.0,60.0,391.133333,6,1024,0.0
185,300.0,140.0,191.0, PRDE,21697.0,60.0,361.616667,6,1024,0.2
115,300.0,144.0,169.0, PRDE,23160.0,60.0,386.0,6,1024,0.4
9,300.0,159.0,206.0, PRDE,23072.0,60.0,384.533333,6,1024,0.6
664,300.0,161.0,169.0, PRDE,21192.0,60.0,353.2,6,1024,0.8
207,300.0,144.0,183.0, PRDE,16975.0,60.0,282.916667,6,1024,1.1
611,300.0,140.0,145.0, PRDE,19289.0,60.0,321.483333,6,1024,1.3
538,300.0,153.0,203.0, PRDE,17233.0,60.0,287.216667,6,1024,1.5
131,300.0,161.0,176.0, PRDE,23299.0,60.0,388.316667,6,1024,1.7
301,300.0,142.0,153.0, PRDE,21740.0,60.0,362.333333,6,1024,2.0
300,300.0,156.0,180.0, PRDE,23786.0,60.0,396.433333,7,4,0.0
69,300.0,154.0,200.0, PRDE,18877.0,60.0,314.616667,7,4,0.2
827,300.0,141.0,189.0, PRDE,17394.0,60.0,289.9,7,4,0.4
451,300.0,152.0,184.0, PRDE,16990.0,60.0,283.166667,7,4,0.6
782,300.0,169.0,186.0, PRDE,20454.0,60.0,340.9,7,4,0.8
243,300.0,126.0,157.0, PRDE,23525.0,60.0,392.083333,7,4,1.1
653,300.0,144.0,202.0, PRDE,17456.0,60.0,290.933333,7,4,1.3
411,300.0,136.0,175.0, PRDE,16502.0,60.0,275.033333,7,4,1.5
804,300.0,143.0,162.0, PRDE,12234.0,60.0,203.9,7,4,1.7
464,300.0,146.0,160.0, PRDE,19637.0,60.0,327.283333,7,4,2.0
407,300.0,147.0,169.0, PRDE,22590.0,60.0,376.5,7,8,0.0
495,300.0,165.0,182.0, PRDE,19764.0,60.0,329.4,7,8,0.2
869,300.0,164.0,200.0, PRDE,23251.0,60.0,387.516667,7,8,0.4
555,300.0,124.0,181.0, PRDE,27226.0,60.0,453.766667,7,8,0.6
708,300.0,166.0,202.0, PRDE,16457.0,60.0,274.283333,7,8,0.8
815,300.0,141.0,168.0, PRDE,20499.0,60.0,341.65,7,8,1.1
251,300.0,143.0,202.0, PRDE,15379.0,60.0,256.316667,7,8,1.3
51,300.0,150.0,199.0, PRDE,18412.0,60.0,306.866667,7,8,1.5
462,300.0,141.0,174.0, PRDE,15431.0,60.0,257.183333,7,8,1.7
25,300.0,141.0,176.0, PRDE,18231.0,60.0,303.85,7,8,2.0
106,300.0,151.0,173.0, PRDE,23242.0,60.0,387.366667,7,16,0.0
371,300.0,150.0,155.0, PRDE,20098.0,60.0,334.966667,7,16,0.2
882,300.0,148.0,160.0, PRDE,21146.0,60.0,352.433333,7,16,0.4
252,300.0,154.0,187.0, PRDE,23424.0,60.0,390.4,7,16,0.6
310,300.0,151.0,167.0, PRDE,19077.0,60.0,317.95,7,16,0.8
546,300.0,177.0,181.0, PRDE,24967.0,60.0,416.116667,7,16,1.1
454,300.0,157.0,179.0, PRDE,19478.0,60.0,324.633333,7,16,1.3
370,300.0,173.0,187.0, PRDE,21213.0,60.0,353.55,7,16,1.5
96,300.0,145.0,158.0, PRDE,17071.0,60.0,284.516667,7,16,1.7
824,300.0,139.0,167.0, PRDE,19696.0,60.0,328.266667,7,16,2.0
266,300.0,148.0,158.0, PRDE,18762.0,60.0,312.7,7,32,0.0
421,300.0,137.0,166.0, PRDE,18874.0,60.0,314.566667,7,32,0.2
761,300.0,138.0,167.0, PRDE,19270.0,60.0,321.166667,7,32,0.4
733,300.0,164.0,175.0, PRDE,20088.0,60.0,334.8,7,32,0.6
127,300.0,158.0,177.0, PRDE,20889.0,60.0,348.15,7,32,0.8
677,300.0,153.0,168.0, PRDE,16392.0,60.0,273.2,7,32,1.1
873,300.0,174.0,190.0, PRDE,15507.0,60.0,258.45,7,32,1.3
795,300.0,151.0,175.0, PRDE,26109.0,60.0,435.15,7,32,1.5
770,300.0,135.0,192.0, PRDE,20460.0,60.0,341.0,7,32,1.7
216,300.0,154.0,189.0, PRDE,20923.0,60.0,348.716667,7,32,2.0
319,300.0,149.0,158.0, PRDE,17907.0,60.0,298.45,7,64,0.0
320,300.0,175.0,202.0, PRDE,20289.0,60.0,338.15,7,64,0.2
775,300.0,133.0,149.0, PRDE,16406.0,60.0,273.433333,7,64,0.4
472,300.0,138.0,173.0, PRDE,25862.0,60.0,431.033333,7,64,0.6
757,300.0,169.0,175.0, PRDE,18508.0,60.0,308.466667,7,64,0.8
78,300.0,156.0,195.0, PRDE,20173.0,60.0,336.216667,7,64,1.1
272,300.0,140.0,171.0, PRDE,20579.0,60.0,342.983333,7,64,1.3
123,300.0,158.0,163.0, PRDE,16493.0,60.0,274.883333,7,64,1.5
311,300.0,143.0,166.0, PRDE,22878.0,60.0,381.3,7,64,1.7
506,300.0,133.0,169.0, PRDE,18111.0,60.0,301.85,7,64,2.0
98,300.0,154.0,201.0, PRDE,20812.0,60.0,346.866667,7,128,0.0
335,300.0,153.0,171.0, PRDE,20399.0,60.0,339.983333,7,128,0.2
354,300.0,138.0,174.0, PRDE,20191.0,60.0,336.516667,7,128,0.4
452,300.0,144.0,165.0, PRDE,17516.0,60.0,291.933333,7,128,0.6
747,300.0,139.0,182.0, PRDE,24003.0,60.0,400.05,7,128,0.8
849,300.0,180.0,194.0, PRDE,21366.0,60.0,356.1,7,128,1.1
640,300.0,152.0,168.0, PRDE,19444.0,60.0,324.066667,7,128,1.3
29,300.0,150.0,172.0, PRDE,22851.0,60.0,380.85,7,128,1.5
601,300.0,149.0,156.0, PRDE,19189.0,60.0,319.816667,7,128,1.7
19,300.0,159.0,177.0, PRDE,23241.0,60.0,387.35,7,128,2.0
366,300.0,147.0,172.0, PRDE,21479.0,60.0,357.983333,7,256,0.0
418,300.0,147.0,198.0, PRDE,20347.0,60.0,339.116667,7,256,0.2
317,300.0,149.0,182.0, PRDE,18674.0,60.0,311.233333,7,256,0.4
673,300.0,157.0,159.0, PRDE,27793.0,60.0,463.216667,7,256,0.6
605,300.0,135.0,189.0, PRDE,23312.0,60.0,388.533333,7,256,0.8
226,300.0,147.0,209.0, PRDE,20143.0,60.0,335.716667,7,256,1.1
369,300.0,179.0,183.0, PRDE,23515.0,60.0,391.916667,7,256,1.3
639,300.0,136.0,157.0, PRDE,26292.0,60.0,438.2,7,256,1.5
713,300.0,157.0,164.0, PRDE,19167.0,60.0,319.45,7,256,1.7
886,300.0,147.0,176.0, PRDE,18865.0,60.0,314.416667,7,256,2.0
197,300.0,129.0,159.0, PRDE,23092.0,60.0,384.866667,7,512,0.0
755,300.0,150.0,157.0, PRDE,21517.0,60.0,358.616667,7,512,0.2
539,300.0,147.0,172.0, PRDE,25386.0,60.0,423.1,7,512,0.4
427,300.0,150.0,158.0, PRDE,22789.0,60.0,379.816667,7,512,0.6
543,300.0,150.0,155.0, PRDE,23144.0,60.0,385.733333,7,512,0.8
192,300.0,136.0,158.0, PRDE,25767.0,60.0,429.45,7,512,1.1
178,300.0,154.0,176.0, PRDE,18871.0,60.0,314.516667,7,512,1.3
430,300.0,141.0,157.0, PRDE,20691.0,60.0,344.85,7,512,1.5
525,300.0,154.0,196.0, PRDE,20557.0,60.0,342.616667,7,512,1.7
396,300.0,147.0,178.0, PRDE,16363.0,60.0,272.716667,7,512,2.0
699,300.0,156.0,174.0, PRDE,24266.0,60.0,404.433333,7,1024,0.0
868,300.0,153.0,166.0, PRDE,23343.0,60.0,389.05,7,1024,0.2
887,300.0,145.0,189.0, PRDE,20576.0,60.0,342.933333,7,1024,0.4
30,300.0,169.0,186.0, PRDE,16033.0,60.0,267.216667,7,1024,0.6
570,300.0,140.0,144.0, PRDE,20676.0,60.0,344.6,7,1024,0.8
44,300.0,148.0,166.0, PRDE,23671.0,60.0,394.516667,7,1024,1.1
783,300.0,134.0,201.0, PRDE,16268.0,60.0,271.133333,7,1024,1.3
890,300.0,146.0,166.0, PRDE,21219.0,60.0,353.65,7,1024,1.5
8,300.0,165.0,213.0, PRDE,17725.0,60.0,295.416667,7,1024,1.7
72,300.0,143.0,188.0, PRDE,17816.0,60.0,296.933333,7,1024,2.0
377,300.0,153.0,184.0, PRDE,19894.0,60.0,331.566667,8,4,0.0
885,300.0,154.0,166.0, PRDE,21165.0,60.0,352.75,8,4,0.2
477,300.0,175.0,200.0, PRDE,18232.0,60.0,303.866667,8,4,0.4
348,300.0,152.0,193.0, PRDE,22900.0,60.0,381.666667,8,4,0.6
118,300.0,153.0,180.0, PRDE,18393.0,60.0,306.55,8,4,0.8
1,300.0,146.0,174.0, PRDE,23264.0,60.0,387.733333,8,4,1.1
193,300.0,145.0,156.0, PRDE,22673.0,60.0,377.883333,8,4,1.3
137,300.0,164.0,190.0, PRDE,19818.0,60.0,330.3,8,4,1.5
899,300.0,165.0,173.0, PRDE,19105.0,60.0,318.416667,8,4,1.7
450,300.0,144.0,163.0, PRDE,16420.0,60.0,273.666667,8,4,2.0
403,300.0,160.0,165.0, PRDE,19555.0,60.0,325.916667,8,8,0.0
723,300.0,155.0,162.0, PRDE,18479.0,60.0,307.983333,8,8,0.2
321,300.0,164.0,213.0, PRDE,18982.0,60.0,316.366667,8,8,0.4
463,300.0,154.0,177.0, PRDE,23658.0,60.0,394.3,8,8,0.6
836,300.0,143.0,163.0, PRDE,22613.0,60.0,376.883333,8,8,0.8
894,300.0,156.0,166.0, PRDE,22793.0,60.0,379.883333,8,8,1.1
800,300.0,148.0,169.0, PRDE,20138.0,60.0,335.633333,8,8,1.3
701,300.0,148.0,179.0, PRDE,18361.0,60.0,306.016667,8,8,1.5
355,300.0,146.0,183.0, PRDE,17755.0,60.0,295.916667,8,8,1.7
498,300.0,146.0,176.0, PRDE,15053.0,60.0,250.883333,8,8,2.0
283,300.0,134.0,163.0, PRDE,20146.0,60.0,335.766667,8,16,0.0
18,300.0,165.0,183.0, PRDE,11410.0,60.0,190.166667,8,16,0.2
6,300.0,142.0,167.0, PRDE,17695.0,60.0,294.916667,8,16,0.4
105,300.0,153.0,183.0, PRDE,17043.0,60.0,284.05,8,16,0.6
468,300.0,136.0,184.0, PRDE,20987.0,60.0,349.783333,8,16,0.8
139,300.0,144.0,181.0, PRDE,20429.0,60.0,340.483333,8,16,1.1
751,300.0,168.0,169.0, PRDE,22745.0,60.0,379.083333,8,16,1.3
870,300.0,127.0,156.0, PRDE,19840.0,60.0,330.666667,8,16,1.5
31,300.0,147.0,171.0, PRDE,19309.0,60.0,321.816667,8,16,1.7
661,300.0,156.0,178.0, PRDE,16905.0,60.0,281.75,8,16,2.0
436,300.0,168.0,200.0, PRDE,15990.0,60.0,266.5,8,32,0.0
634,300.0,151.0,194.0, PRDE,19828.0,60.0,330.466667,8,32,0.2
690,300.0,142.0,160.0, PRDE,24292.0,60.0,404.866667,8,32,0.4
268,300.0,136.0,170.0, PRDE,18570.0,60.0,309.5,8,32,0.6
150,300.0,154.0,162.0, PRDE,20885.0,60.0,348.083333,8,32,0.8
259,300.0,162.0,174.0, PRDE,23517.0,60.0,391.95,8,32,1.1
250,300.0,159.0,178.0, PRDE,18923.0,60.0,315.383333,8,32,1.3
573,300.0,153.0,181.0, PRDE,19463.0,60.0,324.383333,8,32,1.5
712,300.0,156.0,187.0, PRDE,18488.0,60.0,308.133333,8,32,1.7
458,300.0,136.0,144.0, PRDE,19975.0,60.0,332.916667,8,32,2.0
575,300.0,148.0,168.0, PRDE,18843.0,60.0,314.05,8,64,0.0
149,300.0,140.0,144.0, PRDE,16552.0,60.0,275.866667,8,64,0.2
595,300.0,149.0,155.0, PRDE,19451.0,60.0,324.183333,8,64,0.4
176,300.0,147.0,183.0, PRDE,21199.0,60.0,353.316667,8,64,0.6
741,300.0,154.0,180.0, PRDE,24381.0,60.0,406.35,8,64,0.8
471,300.0,151.0,185.0, PRDE,27154.0,60.0,452.566667,8,64,1.1
773,300.0,137.0,152.0, PRDE,19362.0,60.0,322.7,8,64,1.3
244,300.0,149.0,176.0, PRDE,23612.0,60.0,393.533333,8,64,1.5
15,300.0,134.0,183.0, PRDE,18405.0,60.0,306.75,8,64,1.7
156,300.0,121.0,147.0, PRDE,21442.0,60.0,357.366667,8,64,2.0
111,300.0,143.0,193.0, PRDE,18846.0,60.0,314.1,8,128,0.0
393,300.0,145.0,158.0, PRDE,20521.0,60.0,342.016667,8,128,0.2
485,300.0,174.0,185.0, PRDE,18247.0,60.0,304.116667,8,128,0.4
632,300.0,167.0,187.0, PRDE,24293.0,60.0,404.883333,8,128,0.6
38,300.0,170.0,187.0, PRDE,23289.0,60.0,388.15,8,128,0.8
228,300.0,139.0,151.0, PRDE,15755.0,60.0,262.583333,8,128,1.1
854,300.0,143.0,195.0, PRDE,12498.0,60.0,208.3,8,128,1.3
420,300.0,167.0,187.0, PRDE,15512.0,60.0,258.533333,8,128,1.5
269,300.0,160.0,187.0, PRDE,19001.0,60.0,316.683333,8,128,1.7
724,300.0,129.0,165.0, PRDE,17941.0,60.0,299.016667,8,128,2.0
606,300.0,149.0,160.0, PRDE,18543.0,60.0,309.05,8,256,0.0
52,300.0,160.0,198.0, PRDE,16950.0,60.0,282.5,8,256,0.2
728,300.0,143.0,188.0, PRDE,19888.0,60.0,331.466667,8,256,0.4
668,300.0,167.0,185.0, PRDE,21637.0,60.0,360.616667,8,256,0.6
819,300.0,133.0,195.0, PRDE,22374.0,60.0,372.9,8,256,0.8
76,300.0,149.0,171.0, PRDE,21612.0,60.0,360.2,8,256,1.1
679,300.0,137.0,193.0, PRDE,17799.0,60.0,296.65,8,256,1.3
238,300.0,137.0,171.0, PRDE,18029.0,60.0,300.483333,8,256,1.5
843,300.0,152.0,176.0, PRDE,15348.0,60.0,255.8,8,256,1.7
199,300.0,146.0,173.0, PRDE,22769.0,60.0,379.483333,8,256,2.0
550,300.0,167.0,177.0, PRDE,23711.0,60.0,395.183333,8,512,0.0
442,300.0,125.0,164.0, PRDE,24725.0,60.0,412.083333,8,512,0.2
825,300.0,140.0,174.0, PRDE,19650.0,60.0,327.5,8,512,0.4
816,300.0,144.0,180.0, PRDE,23555.0,60.0,392.583333,8,512,0.6
866,300.0,143.0,181.0, PRDE,15727.0,60.0,262.116667,8,512,0.8
26,300.0,153.0,191.0, PRDE,16020.0,60.0,267.0,8,512,1.1
540,300.0,142.0,178.0, PRDE,21534.0,60.0,358.9,8,512,1.3
4,300.0,149.0,182.0, PRDE,18345.0,60.0,305.75,8,512,1.5
594,300.0,121.0,169.0, PRDE,18348.0,60.0,305.8,8,512,1.7
590,300.0,127.0,160.0, PRDE,16471.0,60.0,274.516667,8,512,2.0
801,300.0,136.0,186.0, PRDE,21349.0,60.0,355.816667,8,1024,0.0
345,300.0,155.0,230.0, PRDE,21758.0,60.0,362.633333,8,1024,0.2
340,300.0,165.0,168.0, PRDE,22951.0,60.0,382.516667,8,1024,0.4
394,300.0,160.0,190.0, PRDE,18297.0,60.0,304.95,8,1024,0.6
895,300.0,136.0,185.0, PRDE,19649.0,60.0,327.483333,8,1024,0.8
425,300.0,140.0,174.0, PRDE,25122.0,60.0,418.7,8,1024,1.1
109,300.0,144.0,172.0, PRDE,18398.0,60.0,306.633333,8,1024,1.3
591,300.0,142.0,185.0, PRDE,20062.0,60.0,334.366667,8,1024,1.5
596,300.0,170.0,175.0, PRDE,19004.0,60.0,316.733333,8,1024,1.7
204,300.0,179.0,186.0, PRDE,18641.0,60.0,310.683333,8,1024,2.0
73,300.0,152.0,193.0, PRDE,18953.0,60.0,315.883333,9,4,0.0
900,300.0,152.0,158.0, PRDE,18450.0,60.0,307.5,9,4,0.2
602,300.0,183.0,185.0, PRDE,17366.0,60.0,289.433333,9,4,0.4
179,300.0,148.0,191.0, PRDE,20914.0,60.0,348.566667,9,4,0.6
66,300.0,139.0,171.0, PRDE,20393.0,60.0,339.883333,9,4,0.8
687,300.0,137.0,163.0, PRDE,18958.0,60.0,315.966667,9,4,1.1
13,300.0,153.0,154.0, PRDE,16540.0,60.0,275.666667,9,4,1.3
188,300.0,140.0,151.0, PRDE,19446.0,60.0,324.1,9,4,1.5
376,300.0,144.0,160.0, PRDE,23435.0,60.0,390.583333,9,4,1.7
487,300.0,162.0,173.0, PRDE,20309.0,60.0,338.483333,9,4,2.0
557,300.0,134.0,161.0, PRDE,21900.0,60.0,365.0,9,8,0.0
714,300.0,156.0,186.0, PRDE,21678.0,60.0,361.3,9,8,0.2
489,300.0,153.0,185.0, PRDE,18036.0,60.0,300.6,9,8,0.4
402,300.0,167.0,194.0, PRDE,23743.0,60.0,395.716667,9,8,0.6
548,300.0,157.0,159.0, PRDE,20524.0,60.0,342.066667,9,8,0.8
172,300.0,171.0,197.0, PRDE,19895.0,60.0,331.583333,9,8,1.1
727,300.0,150.0,165.0, PRDE,17436.0,60.0,290.6,9,8,1.3
372,300.0,154.0,190.0, PRDE,23012.0,60.0,383.533333,9,8,1.5
799,300.0,127.0,174.0, PRDE,19016.0,60.0,316.933333,9,8,1.7
245,300.0,164.0,201.0, PRDE,21676.0,60.0,361.266667,9,8,2.0
102,300.0,177.0,184.0, PRDE,16767.0,60.0,279.45,9,16,0.0
636,300.0,144.0,166.0, PRDE,16896.0,60.0,281.6,9,16,0.2
500,300.0,152.0,156.0, PRDE,20532.0,60.0,342.2,9,16,0.4
793,300.0,143.0,170.0, PRDE,20729.0,60.0,345.483333,9,16,0.6
357,300.0,145.0,173.0, PRDE,19782.0,60.0,329.7,9,16,0.8
437,300.0,153.0,199.0, PRDE,15227.0,60.0,253.783333,9,16,1.1
400,300.0,159.0,172.0, PRDE,21882.0,60.0,364.7,9,16,1.3
227,300.0,157.0,174.0, PRDE,19587.0,60.0,326.45,9,16,1.5
121,300.0,132.0,142.0, PRDE,17292.0,60.0,288.2,9,16,1.7
273,300.0,152.0,167.0, PRDE,19018.0,60.0,316.966667,9,16,2.0
649,300.0,133.0,178.0, PRDE,21396.0,60.0,356.6,9,32,0.0
312,300.0,126.0,184.0, PRDE,25425.0,60.0,423.75,9,32,0.2
254,300.0,157.0,172.0, PRDE,16617.0,60.0,276.95,9,32,0.4
619,300.0,141.0,177.0, PRDE,21551.0,60.0,359.183333,9,32,0.6
424,300.0,156.0,167.0, PRDE,23944.0,60.0,399.066667,9,32,0.8
642,300.0,147.0,178.0, PRDE,20145.0,60.0,335.75,9,32,1.1
81,300.0,160.0,180.0, PRDE,18739.0,60.0,312.316667,9,32,1.3
648,300.0,148.0,185.0, PRDE,18547.0,60.0,309.116667,9,32,1.5
409,300.0,129.0,198.0, PRDE,24410.0,60.0,406.833333,9,32,1.7
351,300.0,159.0,166.0, PRDE,23847.0,60.0,397.45,9,32,2.0
22,300.0,167.0,178.0, PRDE,19735.0,60.0,328.916667,9,64,0.0
808,300.0,153.0,191.0, PRDE,25268.0,60.0,421.133333,9,64,0.2
119,300.0,140.0,172.0, PRDE,19860.0,60.0,331.0,9,64,0.4
134,300.0,169.0,172.0, PRDE,17381.0,60.0,289.683333,9,64,0.6
206,300.0,133.0,175.0, PRDE,23147.0,60.0,385.783333,9,64,0.8
291,300.0,164.0,167.0, PRDE,16306.0,60.0,271.766667,9,64,1.1
509,300.0,146.0,164.0, PRDE,24660.0,60.0,411.0,9,64,1.3
694,300.0,131.0,158.0, PRDE,18256.0,60.0,304.266667,9,64,1.5
523,300.0,165.0,181.0, PRDE,26005.0,60.0,433.416667,9,64,1.7
829,300.0,129.0,141.0, PRDE,26514.0,60.0,441.9,9,64,2.0
213,300.0,168.0,177.0, PRDE,15577.0,60.0,259.616667,9,128,0.0
510,300.0,170.0,175.0, PRDE,17274.0,60.0,287.9,9,128,0.2
791,300.0,164.0,177.0, PRDE,17116.0,60.0,285.266667,9,128,0.4
571,300.0,150.0,177.0, PRDE,16638.0,60.0,277.3,9,128,0.6
730,300.0,172.0,199.0, PRDE,19418.0,60.0,323.633333,9,128,0.8
565,300.0,147.0,191.0, PRDE,23558.0,60.0,392.633333,9,128,1.1
159,300.0,156.0,171.0, PRDE,16155.0,60.0,269.25,9,128,1.3
279,300.0,149.0,165.0, PRDE,19681.0,60.0,328.016667,9,128,1.5
368,300.0,156.0,162.0, PRDE,19032.0,60.0,317.2,9,128,1.7
67,300.0,173.0,176.0, PRDE,20059.0,60.0,334.316667,9,128,2.0
448,300.0,155.0,163.0, PRDE,25418.0,60.0,423.633333,9,256,0.0
42,300.0,159.0,199.0, PRDE,19916.0,60.0,331.933333,9,256,0.2
750,300.0,141.0,189.0, PRDE,22021.0,60.0,367.016667,9,256,0.4
588,300.0,127.0,161.0, PRDE,21980.0,60.0,366.333333,9,256,0.6
790,300.0,142.0,169.0, PRDE,20422.0,60.0,340.366667,9,256,0.8
40,300.0,162.0,163.0, PRDE,19836.0,60.0,330.6,9,256,1.1
329,300.0,140.0,155.0, PRDE,18899.0,60.0,314.983333,9,256,1.3
263,300.0,148.0,188.0, PRDE,19823.0,60.0,330.383333,9,256,1.5
323,300.0,151.0,198.0, PRDE,21290.0,60.0,354.833333,9,256,1.7
732,300.0,136.0,170.0, PRDE,21040.0,60.0,350.666667,9,256,2.0
537,300.0,138.0,165.0, PRDE,17861.0,60.0,297.683333,9,512,0.0
2,300.0,156.0,205.0, PRDE,18466.0,60.0,307.766667,9,512,0.2
158,300.0,150.0,167.0, PRDE,21950.0,60.0,365.833333,9,512,0.4
56,300.0,147.0,164.0, PRDE,13940.0,60.0,232.333333,9,512,0.6
353,300.0,158.0,197.0, PRDE,20946.0,60.0,349.1,9,512,0.8
439,300.0,150.0,181.0, PRDE,22998.0,60.0,383.3,9,512,1.1
309,300.0,150.0,153.0, PRDE,22706.0,60.0,378.433333,9,512,1.3
833,300.0,147.0,158.0, PRDE,25172.0,60.0,419.533333,9,512,1.5
292,300.0,158.0,186.0, PRDE,17802.0,60.0,296.7,9,512,1.7
23,300.0,146.0,193.0, PRDE,21338.0,60.0,355.633333,9,512,2.0
685,300.0,143.0,182.0, PRDE,19561.0,60.0,326.016667,9,1024,0.0
643,300.0,127.0,165.0, PRDE,22741.0,60.0,379.016667,9,1024,0.2
600,300.0,128.0,153.0, PRDE,22491.0,60.0,374.85,9,1024,0.4
184,300.0,153.0,193.0, PRDE,22301.0,60.0,371.683333,9,1024,0.6
589,300.0,144.0,202.0, PRDE,23790.0,60.0,396.5,9,1024,0.8
469,300.0,185.0,195.0, PRDE,19196.0,60.0,319.933333,9,1024,1.1
749,300.0,141.0,165.0, PRDE,17810.0,60.0,296.833333,9,1024,1.3
480,300.0,151.0,167.0, PRDE,20822.0,60.0,347.033333,9,1024,1.5
408,300.0,166.0,189.0, PRDE,20922.0,60.0,348.7,9,1024,1.7
722,300.0,160.0,190.0, PRDE,18845.0,60.0,314.083333,9,1024,2.0
